Country Name,Country Code,Indicator Name,Indicator Code,1960,1961,1962,1963,1964,1965,1966,1967,1968,1969,1970,1971,1972,1973,1974,1975,1976,1977,1978,1979,1980,1981,1982,1983,1984,1985,1986,1987,1988,1989,1990,1991,1992,1993,1994,1995,1996,1997,1998,1999,2000,2001,2002,2003,2004,2005,2006,2007,2008,2009,2010,2011,2012,2013,2014,2015,2016
Aruba,ABW,"International tourism, receipts (current US$)",ST.INT.RCPT.CD,,,,,,,,,,,,,,,,,,,,,,,,,,,,,,,,,,,,554000000,666000000,726000000,786000000,782000000,850000000,825000000,835000000,858100000,1056000000,1097000000,1064100000,1213400000,1352000000,1223000000,1254000000,1358000000,1412000000,1506000000,1625000000,1660000000,
Afghanistan,AFG,"International tourism, receipts (current US$)",ST.INT.RCPT.CD,,,,,,,,,,,,,,,,,,,,,,,,,,,,,,,,,,,,,,,,,,,,,,,,,47000000,90000000,169000000,152000000,177000000,191000000,92000000,92000000,
Angola,AGO,"International tourism, receipts (current US$)",ST.INT.RCPT.CD,,,,,,,,,,,,,,,,,,,,,,,,,,,,,,,,,,,,27000000,38000000,24000000,39000000,31000000,34000000,35000000,51000000,63000000,82000000,103000000,91000000,236000000,293000000,554000000,726000000,653000000,711000000,1241000000,1597000000,1171000000,
Albania,ALB,"International tourism, receipts (current US$)",ST.INT.RCPT.CD,,,,,,,,,,,,,,,,,,,,,,,,,,,,,,,,,,,,70000000,94000000,34000000,60000000,218000000,398000000,451000000,492000000,537000000,756000000,880000000,1057000000,1479000000,1848000000,2014000000,1780000000,1833000000,1623000000,1670000000,1849000000,1614000000,
Andorra,AND,"International tourism, receipts (current US$)",ST.INT.RCPT.CD,,,,,,,,,,,,,,,,,,,,,,,,,,,,,,,,,,,,,,,,,,,,,,,,,,,,,,,,,
Arab World,ARB,"International tourism, receipts (current US$)",ST.INT.RCPT.CD,,,,,,,,,,,,,,,,,,,,,,,,,,,,,,,,,,,,13939505828,15488951589,16040465020,16072624315,17694512449,18436955810,18973742971,24056633857,29371428769,37102492579,40367797948,45865305600,56422040593,63558742431,64033250220,74155828581,64751803393,72107839140,71178812322,78473465995,79877356716,
United Arab Emirates,ARE,"International tourism, receipts (current US$)",ST.INT.RCPT.CD,,,,,,,,,,,,,,,,,,,,,,,,,,,,,,,,,,,,632000000,743000000,814000000,859000000,893000000,1063000000,1200000000,1332000000,1438000000,1593000000,3218000000,4972000000,6072000000,7162000000,7352000000,8577000000,9204000000,10924000000,12389000000,13969000000,,
Argentina,ARG,"International tourism, receipts (current US$)",ST.INT.RCPT.CD,,,,,,,,,,,,,,,,,,,,,,,,,,,,,,,,,,,,2550000000,2975000000,3153000000,3353000000,3175000000,3195000000,2756000000,1716000000,2306000000,2660000000,3209000000,3899000000,4984000000,5295000000,4476000000,5558000000,5981000000,5541000000,4929000000,5235000000,5011000000,
Armenia,ARM,"International tourism, receipts (current US$)",ST.INT.RCPT.CD,,,,,,,,,,,,,,,,,,,,,,,,,,,,,,,,,,,,14000000,18000000,33000000,41000000,47000000,52000000,81000000,81000000,90000000,188000000,243000000,406000000,522000000,564000000,570000000,694000000,762000000,853000000,905000000,994000000,956000000,
American Samoa,ASM,"International tourism, receipts (current US$)",ST.INT.RCPT.CD,,,,,,,,,,,,,,,,,,,,,,,,,,,,,,,,,,,,,,,,,,,,,,,,,,,,,,,,,
Antigua and Barbuda,ATG,"International tourism, receipts (current US$)",ST.INT.RCPT.CD,,,,,,,,,,,,,,,,,,,,,,,,,,,,,,,,,,,,247000000,258000000,278000000,282000000,290000000,291000000,272000000,274000000,300000000,337000000,309000000,327000000,338000000,334000000,305000000,298000000,312000000,319000000,314000000,316000000,321000000,
Australia,AUS,"International tourism, receipts (current US$)",ST.INT.RCPT.CD,,,,,,,,,,,,,,,,,,,,,,,,,,,,,,,,,,,,11915000000,13779000000,13698000000,11664000000,12866000000,13016000000,12804000000,13624000000,16647000000,20453000000,19719000000,20408000000,25024000000,27189000000,26909000000,31064000000,34315000000,34537000000,33576000000,34115000000,31283000000,
Austria,AUT,"International tourism, receipts (current US$)",ST.INT.RCPT.CD,,,,,,,,,,,,,,,,,,,,,,,,,,,,,,,,,,,,14529000000,13980000000,12275000000,12694000000,12358000000,11382000000,11511000000,12334000000,15128000000,17251000000,18471000000,16512000000,18559000000,21630000000,19154000000,18758000000,19775000000,18937000000,20220000000,20907000000,18273000000,
Azerbaijan,AZE,"International tourism, receipts (current US$)",ST.INT.RCPT.CD,,,,,,,,,,,,,,,,,,,,,,,,,,,,,,,,,,,,87000000,57000000,176000000,143000000,93000000,68000000,57000000,63000000,70000000,79000000,100000000,201000000,317000000,382000000,545000000,792000000,1500000000,2634000000,2618000000,2713000000,2535000000,
Burundi,BDI,"International tourism, receipts (current US$)",ST.INT.RCPT.CD,,,,,,,,,,,,,,,,,,,,,,,,,,,,,,,,,,,,2424994,2141381,1440072,1300000,1200000,1400000,900000,1600000,1200000,1800000,1900000,1600000,2300000,1600000,1700000,2100000,3700000,2700000,3100000,5500000,3100000,
Belgium,BEL,"International tourism, receipts (current US$)",ST.INT.RCPT.CD,,,,,,,,,,,,,,,,,,,,,,,,,,,,,,,,,,,,4548000000,4844000000,4529000000,4623000000,6472000000,6592000000,8304000000,7598000000,8848000000,10089000000,10881000000,11625000000,12371000000,12018000000,11423000000,11395000000,12742000000,13711000000,14536000000,15235000000,13084000000,
Benin,BEN,"International tourism, receipts (current US$)",ST.INT.RCPT.CD,,,,,,,,,,,,,,,,,,,,,,,,,,,,,,,,,,,,85000000,79100000,56200000,64200000,94400000,77400000,85500000,94500000,107900000,120900000,107700000,121600000,206300000,236400000,131400000,149400000,201000000,174000000,193000000,153000000,160000000,
Burkina Faso,BFA,"International tourism, receipts (current US$)",ST.INT.RCPT.CD,,,,,,,,,,,,,,,,,,,,,,,,,,,,,,,,,,,,,,,,,23000000,25000000,37000000,38000000,52000000,46000000,55000000,61000000,82000000,99000000,105000000,116000000,128000000,200000000,183000000,,
Bangladesh,BGD,"International tourism, receipts (current US$)",ST.INT.RCPT.CD,,,,,,,,,,,,,,,,,,,,,,,,,,,,,,,,,,,,25000000,33000000,62000000,52000000,50000000,50000000,48000000,59000000,59000000,76000000,82000000,79000000,80000000,59000000,95000000,104000000,97000000,105000000,131000000,154000000,148400000,
Bulgaria,BGR,"International tourism, receipts (current US$)",ST.INT.RCPT.CD,,,,,,,,,,,,,,,,,,,,,,,,,,,,,,,,,,,,662000000,541000000,517000000,1150000000,1184000000,1364000000,1262000000,1392000000,2051000000,2796000000,3063000000,3317000000,4181000000,4852000000,4273000000,3807000000,4297000000,3975000000,4410000000,4518000000,3583000000,
Bahrain,BHR,"International tourism, receipts (current US$)",ST.INT.RCPT.CD,,,,,,,,,,,,,,,,,,,,,,,,,,,,,,,,,,,,593000000,589000000,578000000,625000000,785000000,854000000,886000000,985000000,1206000000,1504000000,1603000000,1786000000,1854000000,1927000000,1873000000,2163000000,1766000000,1742000000,1865000000,1915000000,,
"Bahamas, The",BHS,"International tourism, receipts (current US$)",ST.INT.RCPT.CD,,,,,,,,,,,,,,,,,,,,,,,,,,,,,,,,,,,,1356000000,1409000000,1427000000,1365000000,1598000000,1753000000,1665000000,1773000000,1770000000,1897000000,2081000000,2066000000,2198000000,2155000000,2025000000,2159000000,2157000000,2333000000,2305000000,2328000000,2396000000,
Bosnia and Herzegovina,BIH,"International tourism, receipts (current US$)",ST.INT.RCPT.CD,,,,,,,,,,,,,,,,,,,,,,,,,,,,,,,,,,,,,,,257000000,258000000,246000000,279000000,307000000,404000000,507000000,557000000,658000000,804000000,913000000,753000000,662000000,722000000,686000000,752000000,755000000,702000000,
Belarus,BLR,"International tourism, receipts (current US$)",ST.INT.RCPT.CD,,,,,,,,,,,,,,,,,,,,,,,,,,,,,,,,,,,,28000000,61000000,40000000,54000000,92000000,188000000,272000000,295000000,339000000,362000000,346000000,401000000,479000000,585000000,563000000,665000000,747000000,986000000,1156000000,1230000000,1016000000,
Belize,BLZ,"International tourism, receipts (current US$)",ST.INT.RCPT.CD,,,,,,,,,,,,,,,,,,,,,,,,,,,,,,,,,,,,78000000,95000000,97000000,101000000,101000000,111000000,111000000,121000000,150000000,168000000,214000000,260000000,289000000,278000000,256000000,264000000,248000000,298000000,351000000,380000000,372000000,
Bermuda,BMU,"International tourism, receipts (current US$)",ST.INT.RCPT.CD,,,,,,,,,,,,,,,,,,,,,,,,,,,,,,,,,,,,488000000,472000000,478000000,487000000,479000000,431000000,351000000,378000000,348000000,426000000,429000000,495000000,569000000,431000000,366000000,442000000,500000000,448000000,447000000,419000000,393000000,
Bolivia,BOL,"International tourism, receipts (current US$)",ST.INT.RCPT.CD,,,,,,,,,,,,,,,,,,,,,,,,,,,,,,,,,,,,92000000,100000000,129000000,137000000,124000000,101000000,119000000,143000000,243000000,283000000,345000000,330000000,326000000,302000000,306000000,339000000,499000000,631000000,639000000,736000000,804000000,
Brazil,BRA,"International tourism, receipts (current US$)",ST.INT.RCPT.CD,,,,,,,,,,,,,,,,,,,,,,,,,,,,,,,,,,,,1085000000,744000000,1025000000,1398000000,1718000000,1969000000,1844000000,2142000000,2673000000,3389000000,4168000000,4577000000,5284000000,6109000000,5635000000,5522000000,6370000000,6623000000,6784000000,7405000000,6254000000,
Barbados,BRB,"International tourism, receipts (current US$)",ST.INT.RCPT.CD,,,,,,,,,,,,,,,,,,,,,,,,,,,,,,,,,,,,630000000,667000000,672000000,721000000,697000000,733000000,706000000,666000000,767000000,784000000,1081000000,1235000000,1224000000,1244000000,1122000000,1074000000,983000000,947000000,992000000,,,
Brunei Darussalam,BRN,"International tourism, receipts (current US$)",ST.INT.RCPT.CD,,,,,,,,,,,,,,,,,,,,,,,,,,,,,,,,,,,,,,,,,,155000000,113000000,124000000,181000000,191000000,224000000,233000000,242000000,254000000,,,92000000,96000000,79000000,140000000,
Bhutan,BTN,"International tourism, receipts (current US$)",ST.INT.RCPT.CD,,,,,,,,,,,,,,,,,,,,,,,,,,,,,,,,,,,,5000000,6000000,6000000,8000000,9000000,10000000,9000000,8000000,8000000,13000000,19000000,36000000,47000000,47000000,51000000,64000000,76000000,93000000,116000000,120000000,119000000,
Botswana,BWA,"International tourism, receipts (current US$)",ST.INT.RCPT.CD,,,,,,,,,,,,,,,,,,,,,,,,,,,,,,,,,,,,176000000,105000000,141000000,179000000,239000000,227000000,235000000,324000000,459000000,582000000,563000000,539000000,548300000,58700000,663600000,781100000,865300000,858400000,888300000,978000000,950000000,
Central African Republic,CAF,"International tourism, receipts (current US$)",ST.INT.RCPT.CD,,,,,,,,,,,,,,,,,,,,,,,,,,,,,,,,,,,,4000000,3000000,2000000,4000000,8000000,5000000,5000000,3000000,4000000,7800000,7200000,10200000,10800000,11800000,7500000,14400000,15000000,15000000,15600000,,,
Canada,CAN,"International tourism, receipts (current US$)",ST.INT.RCPT.CD,,,,,,,,,,,,,,,,,,,,,,,,,,,,,,,,,,,,9176000000,10073000000,10390000000,11049000000,12024000000,13035000000,12680000000,12744000000,12236000000,15135000000,15887000000,16837000000,17961000000,18191000000,15568000000,18438000000,19989000000,20696000000,20941000000,20509000000,16203000000,
Central Europe and the Baltics,CEB,"International tourism, receipts (current US$)",ST.INT.RCPT.CD,,,,,,,,,,,,,,,,,,,,,,,,,,,,,,,,,,,,17794000000,22759000000,23151100000,23159400000,20280000000,20255000000,20507000000,21253000000,26165000000,30731000000,35477000000,39892000000,49269000000,58399000000,48387000000,46156000000,52544000000,49453000000,53187000000,55268000000,49123000000,
Switzerland,CHE,"International tourism, receipts (current US$)",ST.INT.RCPT.CD,,,,,,,,,,,,,,,,,,,,,,,,,,,,,,,,,,,,11354000000,10779000000,10036000000,10188000000,9135000000,8988000000,9290000000,9117000000,10493000000,11404000000,11949000000,12855000000,14725000000,17589000000,16670000000,17617000000,20644000000,19598000000,20321000000,21417000000,19588000000,
Channel Islands,CHI,"International tourism, receipts (current US$)",ST.INT.RCPT.CD,,,,,,,,,,,,,,,,,,,,,,,,,,,,,,,,,,,,,,,,,,,,,,,,,,,,,,,,,
Chile,CHL,"International tourism, receipts (current US$)",ST.INT.RCPT.CD,,,,,,,,,,,,,,,,,,,,,,,,,,,,,,,,,,,,1186000000,1209000000,1401000000,1431000000,1243000000,1179000000,1184000000,1221000000,1309000000,1571000000,1682000000,1891000000,2226000000,2537000000,2350000000,2422000000,2751000000,3114000000,3144000000,3143000000,3229000000,
China,CHN,"International tourism, receipts (current US$)",ST.INT.RCPT.CD,,,,,,,,,,,,,,,,,,,,,,,,,,,,,,,,,,,,8730000000,10200000000,12626000000,13229000000,15006000000,17318000000,19006000000,21742000000,18707000000,27755000000,29296000000,33949000000,37233000000,40843000000,39675000000,45814000000,48464000000,50028000000,51664000000,1.0538E+11,1.14109E+11,
Cote d'Ivoire,CIV,"International tourism, receipts (current US$)",ST.INT.RCPT.CD,,,,,,,,,,,,,,,,,,,,,,,,,,,,,,,,,,,,103000000,107000000,103000000,111000000,107000000,53000000,58000000,56000000,76000000,91000000,93000000,104000000,115000000,129000000,164000000,213000000,186000000,172500000,191000000,184000000,,
Cameroon,CMR,"International tourism, receipts (current US$)",ST.INT.RCPT.CD,,,,,,,,,,,,,,,,,,,,,,,,,,,,,,,,,,,,75000000,151000000,119000000,114000000,92000000,132000000,182000000,124000000,266000000,212000000,229000000,231000000,254000000,167000000,271000000,171000000,423000000,377000000,607000000,630000000,476000000,
"Congo, Dem. Rep.",COD,"International tourism, receipts (current US$)",ST.INT.RCPT.CD,,,,,,,,,,,,,,,,,,,,,,,,,,,,,,,,,,,,,,,,,,,,,,3200000,3100000,700000,700000,24000000,10700000,11400000,6900000,8400000,45400000,100000,
"Congo, Rep.",COG,"International tourism, receipts (current US$)",ST.INT.RCPT.CD,,,,,,,,,,,,,,,,,,,,,,,,,,,,,,,,,,,,14669140,11017590,10000000,9000000,13500000,12400000,22600000,25600000,30000000,23100000,40000000,45000000,54000000,,61000000,63000000,72000000,73000000,38000000,,,
Colombia,COL,"International tourism, receipts (current US$)",ST.INT.RCPT.CD,,,,,,,,,,,,,,,,,,,,,,,,,,,,,,,,,,,,887000000,1362000000,1315000000,1216000000,1231000000,1313000000,1483000000,1237000000,1191000000,1369000000,1891000000,2370000000,2586000000,2936000000,3050000000,3441000000,3801000000,4363000000,4759000000,4887000000,5251000000,
Comoros,COM,"International tourism, receipts (current US$)",ST.INT.RCPT.CD,,,,,,,,,,,,,,,,,,,,,,,,,,,,,,,,,,,,22000000,23000000,26000000,16000000,19000000,15000000,9000000,10900000,15600000,21400000,24400000,27400000,30400000,37400000,32300000,35200000,42200000,39300000,,,,
Cabo Verde,CPV,"International tourism, receipts (current US$)",ST.INT.RCPT.CD,,,,,,,,,,,,,,,,,,,,,,,,,,,,,,,,,,,,29000000,37000000,50000000,45000000,56000000,64000000,77000000,100000000,135000000,153000000,177000000,280000000,375000000,432000000,349000000,387000000,438000000,454000000,483000000,453000000,396000000,
Costa Rica,CRI,"International tourism, receipts (current US$)",ST.INT.RCPT.CD,,,,,,,,,,,,,,,,,,,,,,,,,,,,,,,,,,,,763000000,797000000,860000000,1038000000,1256000000,1477000000,1339000000,1292000000,1424000000,1586000000,1810000000,1865000000,2221000000,2533000000,2001000000,2179000000,2646000000,2773000000,3171000000,3085000000,3396000000,
Caribbean small states,CSS,"International tourism, receipts (current US$)",ST.INT.RCPT.CD,,,,,,,,,,,,,,,,,,,,,,,,,,,,,,,,,,,,4291000000,4557000000,4783000000,4909000000,5247000000,5520000000,5213000000,5283000000,5695000000,6238000000,6927000000,7350000000,7675000000,7652000000,7087000000,7360000000,7318000000,7514449010,7673583683,8103304370,8384669105,
Cuba,CUB,"International tourism, receipts (current US$)",ST.INT.RCPT.CD,,,,,,,,,,,,,,,,,,,,,,,,,,,,,,,,,,,,1100000000,1333000000,1515000000,1759000000,1901000000,1948000000,1840000000,1769000000,1999000000,2114000000,2591000000,2414000000,2415000000,2535000000,2249000000,2396000000,2503000000,2613000000,2608000000,2546000000,2819000000,
Curacao,CUW,"International tourism, receipts (current US$)",ST.INT.RCPT.CD,,,,,,,,,,,,,,,,,,,,,,,,,,,,,,,,,,,,175000000,186000000,201000000,261000000,260000000,227000000,271000000,217000000,223000000,224000000,244000000,277000000,329000000,383000000,378000000,438000000,540000000,676000000,778000000,820000000,714000000,
Cayman Islands,CYM,"International tourism, receipts (current US$)",ST.INT.RCPT.CD,,,,,,,,,,,,,,,,,,,,,,,,,,,,,,,,,,,,394000000,368000000,501000000,534000000,525000000,559000000,585000000,607000000,518000000,523000000,356000000,509000000,481000000,518000000,458000000,465000000,472000000,469000000,479000000,541000000,651000000,
Cyprus,CYP,"International tourism, receipts (current US$)",ST.INT.RCPT.CD,,,,,,,,,,,,,,,,,,,,,,,,,,,,,,,,,,,,2019000000,1906000000,1851000000,1922000000,2091000000,2098000000,2180000000,2117000000,2318000000,2552000000,2618000000,2673000000,3097000000,3202000000,2456000000,2424000000,2707000000,2732000000,3020000000,2920000000,2489000000,
Czech Republic,CZE,"International tourism, receipts (current US$)",ST.INT.RCPT.CD,,,,,,,,,,,,,,,,,,,,,,,,,,,,,,,,,,,,2880000000,4079000000,3620000000,3894000000,3153000000,2973000000,3104000000,3376000000,4069000000,4931000000,5772000000,6702000000,7775000000,9228000000,8164000000,8068000000,8930000000,8174000000,7792000000,7614000000,6758000000,
Germany,DEU,"International tourism, receipts (current US$)",ST.INT.RCPT.CD,,,,,,,,,,,,,,,,,,,,,,,,,,,,,,,,,,,,24052000000,23982000000,24501000000,25806000000,25327000000,24943000000,24175000000,26690000000,30104000000,36390000000,40531000000,45537000000,49333000000,53400000000,47462000000,49128000000,53431000000,51645000000,55318000000,55939000000,47393000000,
Djibouti,DJI,"International tourism, receipts (current US$)",ST.INT.RCPT.CD,,,,,,,,,,,,,,,,,,,,,,,,,,,,,,,,,,,,5400000,4600000,4200000,9300000,7600000,8100000,8600000,8900000,6900000,6800000,7100000,9800000,6800000,7800000,16000000,18000000,19200000,20500000,21600000,24700000,30900000,
Dominica,DMA,"International tourism, receipts (current US$)",ST.INT.RCPT.CD,,,,,,,,,,,,,,,,,,,,,,,,,,,,,,,,,,,,42000000,44000000,48000000,47000000,51000000,48000000,46000000,46000000,52000000,61000000,57000000,72000000,74000000,76000000,77000000,94000000,106000000,76000000,103000000,127000000,128000000,
Denmark,DNK,"International tourism, receipts (current US$)",ST.INT.RCPT.CD,,,,,,,,,,,,,,,,,,,,,,,,,,,,,,,,,,,,3691000000,3420000000,3156000000,3236000000,3698000000,3671000000,4003000000,4791000000,5271000000,5652000000,5293000000,5562000000,5978000000,6281000000,5617000000,5704000000,6366000000,6135000000,6490000000,7617000000,6685000000,
Dominican Republic,DOM,"International tourism, receipts (current US$)",ST.INT.RCPT.CD,,,,,,,,,,,,,,,,,,,,,,,,,,,,,,,,,,,,1571000000,1781000000,2099000000,2153000000,2483000000,2860000000,2798000000,2730000000,3128000000,3152000000,3518000000,3917000000,4064000000,4166000000,4049000000,4163000000,4391000000,4687000000,5064000000,5630000000,6118000000,
Algeria,DZA,"International tourism, receipts (current US$)",ST.INT.RCPT.CD,,,,,,,,,,,,,,,,,,,,,,,,,,,,,,,,,,,,32000000,45000000,28000000,74000000,80000000,102000000,100000000,111000000,112000000,178000000,477000000,393000000,334000000,473000000,361000000,324000000,300000000,295000000,326000000,348000000,357000000,
East Asia & Pacific (excluding high income),EAP,"International tourism, receipts (current US$)",ST.INT.RCPT.CD,,,,,,,,,,,,,,,,,,,,,,,,,,,,,,,,,,,,31320282569,36225888834,37795734923,32148307820,38227782436,43017418206,46008576184,51165100026,45169329576,61350280993,64523897770,77373795708,93981131282,1.00752E+11,92113075244,1.07249E+11,1.22784E+11,1.35062E+11,1.48669E+11,2.02927E+11,2.14813E+11,
Early-demographic dividend,EAR,"International tourism, receipts (current US$)",ST.INT.RCPT.CD,,,,,,,,,,,,,,,,,,,,,,,,,,,,,,,,,,,,45638960108,51239355914,56414668653,53693134458,56173347227,61501157865,61244200741,64320551084,71946731123,89437389721,1.00934E+11,1.09003E+11,1.28423E+11,1.40982E+11,1.33799E+11,1.5192E+11,1.58525E+11,1.67573E+11,1.75536E+11,1.90576E+11,1.89762E+11,
East Asia & Pacific,EAS,"International tourism, receipts (current US$)",ST.INT.RCPT.CD,,,,,,,,,,,,,,,,,,,,,,,,,,,,,,,,,,,,82242161198,92067141858,89941673189,78617739206,87075216951,94194328521,96505394438,1.06003E+11,1.07173E+11,1.39959E+11,1.4842E+11,1.62212E+11,1.93595E+11,2.14844E+11,2.04352E+11,2.50068E+11,2.90853E+11,3.1958E+11,3.47593E+11,4.1633E+11,4.11485E+11,
Europe & Central Asia (excluding high income),ECA,"International tourism, receipts (current US$)",ST.INT.RCPT.CD,,,,,,,,,,,,,,,,,,,,,,,,,,,,,,,,,,,,11770353585,15667323227,17476535965,17684850358,12723939968,15468600835,19722568669,22857125285,26119420478,33716381024,41301176455,43844707625,54019752354,66338911318,58404739682,59326061564,70978401401,75102299741,83919712408,83021277244,70947037111,
Europe & Central Asia,ECS,"International tourism, receipts (current US$)",ST.INT.RCPT.CD,,,,,,,,,,,,,,,,,,,,,,,,,,,,,,,,,,,,2.4058E+11,2.55325E+11,2.49522E+11,2.62337E+11,2.66147E+11,2.63853E+11,2.66172E+11,2.8365E+11,3.29908E+11,3.85222E+11,4.00072E+11,4.32001E+11,4.96494E+11,5.39803E+11,4.6947E+11,4.67164E+11,5.32293E+11,5.21331E+11,5.6988E+11,5.90342E+11,5.23262E+11,
Ecuador,ECU,"International tourism, receipts (current US$)",ST.INT.RCPT.CD,,,,,,,,,,,,,,,,,,,,,,,,,,,,,,,,,,,,315000000,330000000,335000000,330000000,377000000,451000000,438000000,449000000,408000000,464000000,488000000,492000000,626000000,745000000,674000000,786000000,849000000,1039000000,1251000000,1487000000,1557000000,
"Egypt, Arab Rep.",EGY,"International tourism, receipts (current US$)",ST.INT.RCPT.CD,,,,,,,,,,,,,,,,,,,,,,,,,,,,,,,,,,,,2954000000,3583000000,4046000000,2942000000,4361000000,4657000000,4119000000,4133000000,4704000000,6328000000,7206000000,8133000000,10327000000,12104000000,11757000000,13633000000,9333000000,10823000000,6747000000,7979000000,6897000000,
Euro area,EMU,"International tourism, receipts (current US$)",ST.INT.RCPT.CD,,,,,,,,,,,,,,,,,,,,,,,,,,,,,,,,,,,,1.64615E+11,1.70217E+11,1.6256E+11,1.73105E+11,1.85808E+11,1.8217E+11,1.83184E+11,1.94386E+11,2.2788E+11,2.63185E+11,2.64158E+11,2.82702E+11,3.20617E+11,3.43886E+11,3.01977E+11,2.95132E+11,3.3505E+11,3.21043E+11,3.50963E+11,3.61154E+11,3.1246E+11,
Eritrea,ERI,"International tourism, receipts (current US$)",ST.INT.RCPT.CD,,,,,,,,,,,,,,,,,,,,,,,,,,,,,,,,,,,,58000000,69000000,90000000,34000000,28000000,36000000,74000000,73000000,74000000,73000000,66000000,60000000,61000000,46000000,26000000,,,,,,,
Spain,ESP,"International tourism, receipts (current US$)",ST.INT.RCPT.CD,,,,,,,,,,,,,,,,,,,,,,,,,,,,,,,,,,,,27369000000,29751000000,28649000000,31592000000,33784000000,32656000000,33829000000,35468000000,43863000000,49996000000,49565000000,53160000000,59910000000,64422000000,55748000000,54305000000,62447000000,57877000000,62584000000,65100000000,56426000000,
Estonia,EST,"International tourism, receipts (current US$)",ST.INT.RCPT.CD,,,,,,,,,,,,,,,,,,,,,,,,,,,,,,,,,,,,452000000,565000000,597000000,668000000,702000000,657000000,661000000,737000000,883000000,1111000000,1229000000,1361000000,1416000000,1643000000,1090000000,1065000000,1256000000,1286000000,2022000000,2231000000,1818000000,
Ethiopia,ETH,"International tourism, receipts (current US$)",ST.INT.RCPT.CD,,,,,,,,,,,,,,,,,,,,,,,,,,,,,,,,,,,,177000000,170000000,157000000,152000000,176000000,205000000,218000000,261000000,336000000,458000000,533000000,639000000,790000000,1184000000,1119000000,1434000000,1998000000,1980000000,,,,
European Union,EUU,"International tourism, receipts (current US$)",ST.INT.RCPT.CD,,,,,,,,,,,,,,,,,,,,,,,,,,,,,,,,,,,,2.15718E+11,2.27009E+11,2.20364E+11,2.33133E+11,2.42614E+11,2.38183E+11,2.36084E+11,2.50532E+11,2.92443E+11,3.39476E+11,3.46469E+11,3.75404E+11,4.28104E+11,4.56931E+11,3.94962E+11,3.90085E+11,4.40095E+11,4.25354E+11,4.6443E+11,4.84399E+11,4.3095E+11,
Fragile and conflict affected situations,FCS,"International tourism, receipts (current US$)",ST.INT.RCPT.CD,,,,,,,,,,,,,,,,,,,,,,,,,,,,,,,,,,,,3501577001,3530290695,3633659667,3995903151,3490161282,3437140849,3286713359,7171363220,10056158987,10550243288,10732666875,10677319665,13122099518,14934536420,16911971369,21540069096,15978385939,17782641462,19071333239,,,
Finland,FIN,"International tourism, receipts (current US$)",ST.INT.RCPT.CD,,,,,,,,,,,,,,,,,,,,,,,,,,,,,,,,,,,,2383000000,2408000000,2358000000,2371000000,2236000000,2035000000,2065000000,2235000000,2676000000,2975000000,3069000000,3515000000,4287000000,4873000000,4104000000,4510000000,5591000000,5415000000,4048000000,3679000000,2560000000,
Fiji,FJI,"International tourism, receipts (current US$)",ST.INT.RCPT.CD,,,,,,,,,,,,,,,,,,,,,,,,,,,,,,,,,,,,369000000,374000000,386000000,309000000,365000000,291000000,316000000,384000000,496000000,588000000,722000000,684000000,722000000,952000000,688000000,825000000,955000000,989000000,966000000,1034000000,1037000000,
France,FRA,"International tourism, receipts (current US$)",ST.INT.RCPT.CD,,,,,,,,,,,,,,,,,,,,,,,,,,,,,,,,,,,,31295000000,32088000000,27402000000,29490000000,37770000000,38534000000,38385000000,40537000000,45990000000,52108000000,52139000000,54587000000,63902000000,68001000000,58858000000,56187000000,66087000000,64001000000,66049000000,66803000000,54003000000,
Faroe Islands,FRO,"International tourism, receipts (current US$)",ST.INT.RCPT.CD,,,,,,,,,,,,,,,,,,,,,,,,,,,,,,,,,,,,,,,,,,,,,,,,,,,,,,,,,
"Micronesia, Fed. Sts.",FSM,"International tourism, receipts (current US$)",ST.INT.RCPT.CD,,,,,,,,,,,,,,,,,,,,,,,,,,,,,,,,,,,,,,15800000,13200000,13900000,17000000,14700000,16800000,16700000,19000000,21000000,23000000,25000000,27000000,22000000,24000000,22000000,22000000,24000000,25000000,,
Gabon,GAB,"International tourism, receipts (current US$)",ST.INT.RCPT.CD,,,,,,,,,,,,,,,,,,,,,,,,,,,,,,,,,,,,94000000,91000000,103000000,110000000,143000000,99000000,46000000,77000000,84000000,74000000,13000000,,,,,,,,,,,
United Kingdom,GBR,"International tourism, receipts (current US$)",ST.INT.RCPT.CD,,,,,,,,,,,,,,,,,,,,,,,,,,,,,,,,,,,,27577000000,29181000000,30483000000,31658000000,30807000000,29978000000,26137000000,27819000000,30736000000,37166000000,39684000000,44284000000,48618000000,46283000000,37272000000,40138000000,44741000000,47070000000,53052000000,58935000000,60744000000,
Georgia,GEO,"International tourism, receipts (current US$)",ST.INT.RCPT.CD,,,,,,,,,,,,,,,,,,,,,,,,,,,,,,,,,,,,,,75000000,229000000,131000000,107000000,136000000,144000000,172000000,209000000,287000000,361000000,440000000,505000000,537000000,737000000,1069000000,1565000000,1916000000,1972000000,2117000000,
Ghana,GHA,"International tourism, receipts (current US$)",ST.INT.RCPT.CD,,,,,,,,,,,,,,,,,,,,,,,,,,,,,,,,,,,,30000000,32000000,35000000,304000000,325000000,357000000,374000000,383000000,441000000,495000000,867000000,910000000,990000000,970000000,849000000,706000000,797000000,1154000000,1010000000,1027000000,911000000,
Gibraltar,GIB,"International tourism, receipts (current US$)",ST.INT.RCPT.CD,,,,,,,,,,,,,,,,,,,,,,,,,,,,,,,,,,,,,,,,,,,,,,,,,,,,,,,,,
Guinea,GIN,"International tourism, receipts (current US$)",ST.INT.RCPT.CD,,,,,,,,,,,,,,,,,,,,,,,,,,,,,,,,,,,,911000,9300000,4800000,4300000,5800000,7800000,8200000,,,,,,1100000,2400000,4900000,2040000,2120000,1680000,,,,
"Gambia, The",GMB,"International tourism, receipts (current US$)",ST.INT.RCPT.CD,,,,,,,,,,,,,,,,,,,,,,,,,,,,,,,,,,,,28000000,67000000,76000000,,,,,,58000000,51000000,59000000,69000000,87000000,80200000,64000000,80000000,109000000,127000000,103000000,127000000,138000000,
Guinea-Bissau,GNB,"International tourism, receipts (current US$)",ST.INT.RCPT.CD,,,,,,,,,,,,,,,,,,,,,,,,,,,,,,,,,,,,,,3100000,,,,2700000,2300000,2400000,2200000,1600000,2800000,28400000,38200000,12000000,13600000,14500000,6800000,17400000,,,
Equatorial Guinea,GNQ,"International tourism, receipts (current US$)",ST.INT.RCPT.CD,,,,,,,,,,,,,,,,,,,,,,,,,,,,,,,,,,,,1000000,4000000,5000000,400000,10000000,5000000,14000000,,,,,,,,,,,,,,,
Greece,GRC,"International tourism, receipts (current US$)",ST.INT.RCPT.CD,,,,,,,,,,,,,,,,,,,,,,,,,,,,,,,,,,,,4182000000,3759000000,3794000000,6188000000,8839000000,9262000000,9216000000,10005000000,10842000000,12809000000,13453000000,14495000000,15687000000,17586000000,16027000000,13858000000,16256000000,14671000000,17436000000,19481000000,17260000000,
Grenada,GRD,"International tourism, receipts (current US$)",ST.INT.RCPT.CD,,,,,,,,,,,,,,,,,,,,,,,,,,,,,,,,,,,,76000000,79000000,78000000,83000000,88000000,93000000,83000000,91000000,104000000,86000000,71000000,94000000,129000000,127000000,112000000,112000000,117000000,122000000,121000000,139000000,147000000,
Greenland,GRL,"International tourism, receipts (current US$)",ST.INT.RCPT.CD,,,,,,,,,,,,,,,,,,,,,,,,,,,,,,,,,,,,,,,,,,,,,,,,,,,,,,,,,
Guatemala,GTM,"International tourism, receipts (current US$)",ST.INT.RCPT.CD,,,,,,,,,,,,,,,,,,,,,,,,,,,,,,,,,,,,216000000,221000000,270000000,329000000,374000000,498000000,588000000,647000000,646000000,630000000,791000000,919000000,1055000000,1335000000,1359000000,1378000000,1350000000,1419000000,1479000000,1564000000,1580000000,
Guam,GUM,"International tourism, receipts (current US$)",ST.INT.RCPT.CD,,,,,,,,,,,,,,,,,,,,,,,,,,,,,,,,,,,,,,,,,,,,,,,,,,,,,,,,,
Guyana,GUY,"International tourism, receipts (current US$)",ST.INT.RCPT.CD,,,,,,,,,,,,,,,,,,,,,,,,,,,,,,,,,,,,33000000,112000000,115000000,111000000,109000000,80000000,65000000,53000000,28000000,27000000,35000000,37000000,50000000,59000000,35000000,80000000,95000000,64000000,77000000,79000000,65000000,
High income,HIC,"International tourism, receipts (current US$)",ST.INT.RCPT.CD,,,,,,,,,,,,,,,,,,,,,,,,,,,,,,,,,,,,4.02637E+11,4.2882E+11,4.23965E+11,4.30187E+11,4.50291E+11,4.59239E+11,4.4308E+11,4.56774E+11,5.04938E+11,5.92776E+11,6.14346E+11,6.54125E+11,7.48033E+11,8.17434E+11,7.29587E+11,7.86539E+11,8.89508E+11,9.09809E+11,9.85501E+11,1.04277E+12,9.80722E+11,
"Hong Kong SAR, China",HKG,"International tourism, receipts (current US$)",ST.INT.RCPT.CD,,,,,,,,,,,,,,,,,,,,,,,,,,,,,,,,,,,,9604000000,11994000000,9979000000,7337000000,7343000000,8198000000,7923000000,9849000000,9004000000,11874000000,13588000000,15541000000,18237000000,20236000000,20291000000,27208000000,33169000000,37098000000,42426000000,46079000000,42601000000,
Honduras,HND,"International tourism, receipts (current US$)",ST.INT.RCPT.CD,,,,,,,,,,,,,,,,,,,,,,,,,,,,,,,,,,,,85000000,119000000,152000000,175000000,214000000,263000000,260000000,305000000,372000000,420000000,465000000,515700000,546600000,619800000,616100000,626700000,641500000,683700000,618000000,642000000,653000000,
Heavily indebted poor countries (HIPC),HPC,"International tourism, receipts (current US$)",ST.INT.RCPT.CD,,,,,,,,,,,,,,,,,,,,,,,,,,,,,,,,,,,,2161614643,2424724045,2393867232,2808089587,3053685325,3022910568,3547293013,3785802935,4457354364,5138016062,6508664161,7290252344,8977156254,9995036517,9471401841,9747022720,12262692394,13995473057,15004181011,14911484089,15631880894,
Croatia,HRV,"International tourism, receipts (current US$)",ST.INT.RCPT.CD,,,,,,,,,,,,,,,,,,,,,,,,,,,,,,,,,,,,1349000000,2014000000,2523100000,2733400000,2595000000,2871000000,3463000000,3952000000,6513000000,6945000000,7625000000,8296000000,9617000000,11615000000,9300000000,8299000000,9598000000,8912000000,9715000000,10079000000,9018000000,
Haiti,HTI,"International tourism, receipts (current US$)",ST.INT.RCPT.CD,,,,,,,,,,,,,,,,,,,,,,,,,,,,,,,,,,,,90000000,96000000,107000000,131000000,135000000,128000000,105000000,108000000,96000000,93000000,80000000,126000000,190000000,360000000,416000000,383000000,456000000,447000000,546000000,578000000,609000000,
Hungary,HUN,"International tourism, receipts (current US$)",ST.INT.RCPT.CD,,,,,,,,,,,,,,,,,,,,,,,,,,,,,,,,,,,,2938000000,3589000000,3824000000,3688000000,3622000000,3809000000,4191000000,3774000000,4119000000,4009000000,4761000000,4998000000,5628000000,7533000000,7013000000,6595000000,7239000000,6149000000,6671000000,7487000000,6944000000,
IBRD only,IBD,"International tourism, receipts (current US$)",ST.INT.RCPT.CD,,,,,,,,,,,,,,,,,,,,,,,,,,,,,,,,,,,,85403675697,1.0039E+11,1.06924E+11,1.02262E+11,1.03128E+11,1.13468E+11,1.20098E+11,1.32456E+11,1.43356E+11,1.78576E+11,1.99192E+11,2.24597E+11,2.69232E+11,2.99846E+11,2.73186E+11,2.99304E+11,3.29753E+11,3.51307E+11,3.7438E+11,4.37566E+11,4.33616E+11,
IDA & IBRD total,IBT,"International tourism, receipts (current US$)",ST.INT.RCPT.CD,,,,,,,,,,,,,,,,,,,,,,,,,,,,,,,,,,,,93353812412,1.08932E+11,1.15937E+11,1.11839E+11,1.13014E+11,1.22941E+11,1.3006E+11,1.43151E+11,1.55065E+11,1.93567E+11,2.17126E+11,2.45497E+11,2.95474E+11,3.29178E+11,3.00794E+11,3.33035E+11,3.64482E+11,3.90396E+11,4.17216E+11,4.8411E+11,4.80502E+11,
IDA total,IDA,"International tourism, receipts (current US$)",ST.INT.RCPT.CD,,,,,,,,,,,,,,,,,,,,,,,,,,,,,,,,,,,,8125818497,8602121437,9063051547,9794104451,10145808867,9501363708,9979940735,10661686082,11698238896,14993711723,17978745299,20974248795,26371502931,29480454052,27777230967,34037805465,34973728487,39554814133,43517256029,46711173116,,
IDA blend,IDB,"International tourism, receipts (current US$)",ST.INT.RCPT.CD,,,,,,,,,,,,,,,,,,,,,,,,,,,,,,,,,,,,,,,,,,,,4355439151,5159160231,5903528673,6995707589,8408892132,9201253969,7844100000,9581400000,11800119397,13282135233,14700345290,15872274562,16202193825,
Indonesia,IDN,"International tourism, receipts (current US$)",ST.INT.RCPT.CD,,,,,,,,,,,,,,,,,,,,,,,,,,,,,,,,,,,,5229000000,6184000000,6648000000,4255000000,4352000000,4975000000,5277000000,5797000000,4461000000,5226000000,5094000000,4890000000,5831000000,8150000000,6053000000,7618000000,9038000000,9463000000,10302000000,11567000000,12054000000,
IDA only,IDX,"International tourism, receipts (current US$)",ST.INT.RCPT.CD,,,,,,,,,,,,,,,,,,,,,,,,,,,,,,,,,,,,5459071432,5805027630,5858642671,6623428307,7029426694,6365218201,6890204407,7031092684,7625114802,10246379251,12600393880,14579258189,18761799726,21193732100,20880231146,25621426749,24178749639,27422994237,,,,
Isle of Man,IMN,"International tourism, receipts (current US$)",ST.INT.RCPT.CD,,,,,,,,,,,,,,,,,,,,,,,,,,,,,,,,,,,,,,,,,,,,,,,,,,,,,,,,,
India,IND,"International tourism, receipts (current US$)",ST.INT.RCPT.CD,,,,,,,,,,,,,,,,,,,,,,,,,,,,,,,,,,,,2582000000,2831000000,2890000000,2949000000,3010000000,3598000000,3342000000,3300000000,4560000000,6307000000,7659000000,8915000000,11234000000,12462000000,11136000000,14490000000,17708000000,18340000000,19042000000,20756000000,21472000000,
Not classified,INX,"International tourism, receipts (current US$)",ST.INT.RCPT.CD,,,,,,,,,,,,,,,,,,,,,,,,,,,,,,,,,,,,,,,,,,,,,,,,,,,,,,,,,
Ireland,IRL,"International tourism, receipts (current US$)",ST.INT.RCPT.CD,,,,,,,,,,,,,,,,,,,,,,,,,,,,,,,,,,,,2697793000,3022330000,3181000000,3297000000,3403000000,3517000000,3789000000,4228000000,5206000000,6075000000,6780000000,7664000000,9263000000,9967000000,8458000000,8187000000,9526000000,9064000000,9538000000,11093000000,10802000000,
"Iran, Islamic Rep.",IRN,"International tourism, receipts (current US$)",ST.INT.RCPT.CD,,,,,,,,,,,,,,,,,,,,,,,,,,,,,,,,,,,,205000000,142000000,190000000,656000000,559000000,677000000,1122000000,1607000000,1266000000,1305000000,1025000000,1464000000,1950000000,1978000000,2259000000,2631000000,2489000000,2483000000,3212000000,3676000000,,
Iraq,IRQ,"International tourism, receipts (current US$)",ST.INT.RCPT.CD,,,,,,,,,,,,,,,,,,,,,,,,,,,,,,,,,,,,18000000,15000000,14000000,15000000,1000000,2000000,15000000,45000000,,,186000000,170000000,555000000,867000000,1432000000,1736000000,1557000000,1640000000,2188000000,2504000000,4076000000,
Iceland,ISL,"International tourism, receipts (current US$)",ST.INT.RCPT.CD,,,,,,,,,,,,,,,,,,,,,,,,,,,,,,,,,,,,309000000,312000000,314000000,372000000,380000000,386000000,383000000,415000000,486000000,558000000,635000000,702000000,848000000,881000000,550000000,562000000,751000000,865000000,1078000000,1375000000,1618000000,
Israel,ISR,"International tourism, receipts (current US$)",ST.INT.RCPT.CD,,,,,,,,,,,,,,,,,,,,,,,,,,,,,,,,,,,,3491000000,3506000000,3740000000,3598000000,4800000000,4611000000,2854000000,2426000000,2473000000,2908000000,3427000000,3802000000,4405000000,5509000000,5067000000,5824000000,6041000000,6177000000,6411000000,6348000000,6061000000,
Italy,ITA,"International tourism, receipts (current US$)",ST.INT.RCPT.CD,,,,,,,,,,,,,,,,,,,,,,,,,,,,,,,,,,,,30426000000,31886000000,31416000000,31335000000,29571000000,28706000000,26916000000,28192000000,32591000000,37870000000,38374000000,41644000000,46144000000,46191000000,40375000000,38438000000,43241000000,40960000000,43829000000,45547000000,39420000000,
Jamaica,JAM,"International tourism, receipts (current US$)",ST.INT.RCPT.CD,,,,,,,,,,,,,,,,,,,,,,,,,,,,,,,,,,,,1199000000,1218000000,1290000000,1380000000,1486000000,1577000000,1494000000,1482000000,1621000000,1733000000,1783000000,2094000000,2142000000,2222000000,2070000000,2095000000,2060000000,2069000000,2074000000,2255000000,2401000000,
Jordan,JOR,"International tourism, receipts (current US$)",ST.INT.RCPT.CD,,,,,,,,,,,,,,,,,,,,,,,,,,,,,,,,,,,,973000000,1026000000,1063000000,1083000000,1016000000,935000000,884000000,1254000000,1266000000,1621000000,1759000000,2426000000,2754000000,3539000000,3472000000,4390000000,4351000000,5123000000,5145000000,5518000000,4997000000,
Japan,JPN,"International tourism, receipts (current US$)",ST.INT.RCPT.CD,,,,,,,,,,,,,,,,,,,,,,,,,,,,,,,,,,,,4894000000,5775000000,6175000000,5664000000,5715000000,5970000000,5750000000,6069000000,11475000000,14343000000,15554000000,11490000000,12422000000,13781000000,12537000000,15356000000,12533000000,16197000000,16865000000,20790000000,27285000000,
Kazakhstan,KAZ,"International tourism, receipts (current US$)",ST.INT.RCPT.CD,,,,,,,,,,,,,,,,,,,,,,,,,,,,,,,,,,,,155000000,258000000,350000000,454000000,394000000,403000000,502000000,680000000,638000000,803000000,801000000,973000000,1214000000,1255000000,1185000000,1236000000,1524000000,1572000000,1779000000,1701000000,1734000000,
Kenya,KEN,"International tourism, receipts (current US$)",ST.INT.RCPT.CD,,,,,,,,,,,,,,,,,,,,,,,,,,,,,,,,,,,,785000000,823000000,1077000000,1213000000,1211000000,500000000,536000000,513000000,619000000,799000000,969000000,1181000000,1514000000,1398000000,1124000000,1620000000,1844000000,2004000000,1829000000,1833000000,,
Kyrgyz Republic,KGZ,"International tourism, receipts (current US$)",ST.INT.RCPT.CD,,,,,,,,,,,,,,,,,,,,,,,,,,,,,,,,,,,,5000000,4000000,7000000,12000000,18000000,20000000,32000000,48000000,62000000,92000000,94000000,189000000,392000000,569000000,300000000,212000000,405000000,486000000,585000000,468000000,481000000,
Cambodia,KHM,"International tourism, receipts (current US$)",ST.INT.RCPT.CD,,,,,,,,,,,,,,,,,,,,,,,,,,,,,,,,,,,,71000000,117000000,99000000,129000000,240000000,345000000,429000000,509000000,441000000,673000000,929000000,1109000000,1169000000,1280000000,1463000000,1671000000,2258000000,2663000000,2895000000,3220000000,3411000000,
Kiribati,KIR,"International tourism, receipts (current US$)",ST.INT.RCPT.CD,,,,,,,,,,,,,,,,,,,,,,,,,,,,,,,,,,,,2000000,2100000,2600000,3100000,2800000,2700000,3200000,,,,3100000,3200000,4600000,4900000,4800000,5400000,6400000,4500000,4400000,3900000,,
St. Kitts and Nevis,KNA,"International tourism, receipts (current US$)",ST.INT.RCPT.CD,,,,,,,,,,,,,,,,,,,,,,,,,,,,,,,,,,,,63000000,68000000,72000000,71000000,69000000,58000000,62000000,57000000,75000000,103000000,121000000,132000000,125000000,110000000,83000000,90000000,108000000,109000000,117000000,126000000,134000000,
"Korea, Rep.",KOR,"International tourism, receipts (current US$)",ST.INT.RCPT.CD,,,,,,,,,,,,,,,,,,,,,,,,,,,,,,,,,,,,6670000000,6350000000,6317000000,8263000000,8337000000,8527000000,7919000000,7621000000,7005000000,8226000000,8290000000,8445000000,9266000000,13456000000,13289000000,14367000000,17418000000,18851000000,19644000000,22704000000,19126000000,
Kuwait,KWT,"International tourism, receipts (current US$)",ST.INT.RCPT.CD,,,,,,,,,,,,,,,,,,,,,,,,,,,,,,,,,,,,307000000,389000000,396000000,456000000,342000000,394000000,286000000,320000000,328000000,398000000,413000000,508000000,530000000,610000000,660000000,574000000,644000000,780000000,619000000,615000000,931000000,
Latin America & Caribbean (excluding high income),LAC,"International tourism, receipts (current US$)",ST.INT.RCPT.CD,,,,,,,,,,,,,,,,,,,,,,,,,,,,,,,,,,,,19617000000,21882000000,23515000000,25085000000,26042000000,28262000000,27690000000,26958000000,30000000000,34034000000,39125000000,42898700000,47475600000,51754800000,47258100000,49691700000,53683500000,57402700000,61423000000,66375000000,69317000000,
Lao PDR,LAO,"International tourism, receipts (current US$)",ST.INT.RCPT.CD,,,,,,,,,,,,,,,,,,,,,,,,,,,,,,,,,,,,52000000,63000000,61000000,97000000,86000000,114000000,108000000,110000000,77000000,122000000,143000000,160000000,190000000,280000000,271000000,385000000,413000000,461000000,613000000,642400000,680000000,
Lebanon,LBN,"International tourism, receipts (current US$)",ST.INT.RCPT.CD,,,,,,,,,,,,,,,,,,,,,,,,,,,,,,,,,,,,710000000,715000000,1000000000,1221000000,673000000,742000000,837000000,4284000000,6782000000,5931000000,5969000000,5457000000,5796000000,6317000000,7157000000,8026000000,6797000000,7361000000,7032000000,6835000000,7087000000,
Liberia,LBR,"International tourism, receipts (current US$)",ST.INT.RCPT.CD,,,,,,,,,,,,,,,,,,,,,,,,,,,,,,,,,,,,,,,,,,,,,59000000,67000000,124000000,131000000,158000000,123000000,12000000,232000000,,,55000000,46000000,
Libya,LBY,"International tourism, receipts (current US$)",ST.INT.RCPT.CD,,,,,,,,,,,,,,,,,,,,,,,,,,,,,,,,,,,,4000000,4000000,3000000,23000000,39000000,84000000,90000000,202000000,243000000,261000000,301000000,244000000,99000000,99000000,159000000,170000000,,,,,,
St. Lucia,LCA,"International tourism, receipts (current US$)",ST.INT.RCPT.CD,,,,,,,,,,,,,,,,,,,,,,,,,,,,,,,,,,,,230000000,237000000,253000000,283000000,263000000,281000000,233000000,210000000,282000000,326000000,382000000,294000000,302000000,311000000,296000000,309000000,321000000,337000000,354000000,390000000,397000000,
Latin America & Caribbean,LCN,"International tourism, receipts (current US$)",ST.INT.RCPT.CD,,,,,,,,,,,,,,,,,,,,,,,,,,,,,,,,,,,,28240961065,30971523013,33413141861,35351344378,36379028602,39563360300,39199947328,37955804011,41513948015,47114065046,53160538491,57586881238,63238327756,67983853861,62435966834,65732460531,70838193559,75390782664,79620321936,85173658370,88859519238,
Least developed countries: UN classification,LDC,"International tourism, receipts (current US$)",ST.INT.RCPT.CD,,,,,,,,,,,,,,,,,,,,,,,,,,,,,,,,,,,,2690318049,2917638182,2737419789,3000378837,3299158826,3376012924,3793873149,4120689362,4467094746,5540156732,6730112053,7697181387,10110816241,12200628499,12310325280,13826120729,16469731370,18812596686,22053585439,23949652338,23800191427,
Low income,LIC,"International tourism, receipts (current US$)",ST.INT.RCPT.CD,,,,,,,,,,,,,,,,,,,,,,,,,,,,,,,,,,,,2784076265,2968079832,2752932455,2837319445,3106250352,2882570059,3356593355,3445484918,4010917257,4986433552,5145730093,6178399886,7950188668,9664698318,8931935020,9596281025,12038727268,12860546249,14435596242,13369200894,,
Liechtenstein,LIE,"International tourism, receipts (current US$)",ST.INT.RCPT.CD,,,,,,,,,,,,,,,,,,,,,,,,,,,,,,,,,,,,,,,,,,,,,,,,,,,,,,,,,
Sri Lanka,LKA,"International tourism, receipts (current US$)",ST.INT.RCPT.CD,,,,,,,,,,,,,,,,,,,,,,,,,,,,,,,,,,,,367000000,282000000,351000000,369000000,414000000,388000000,347000000,594000000,709000000,808000000,729000000,733000000,750000000,803000000,754000000,1044000000,1421000000,1756000000,2506000000,3278000000,3978000000,
Lower middle income,LMC,"International tourism, receipts (current US$)",ST.INT.RCPT.CD,,,,,,,,,,,,,,,,,,,,,,,,,,,,,,,,,,,,21343443411,24546555975,26761164790,23459096409,27127561094,28077193320,28266111083,29709118505,31697094963,41907323869,48769426481,56190063863,70250865358,77917675077,69022882132,82580534316,83421107988,91178907615,91269684701,96102803951,93570914994,
Low & middle income,LMY,"International tourism, receipts (current US$)",ST.INT.RCPT.CD,,,,,,,,,,,,,,,,,,,,,,,,,,,,,,,,,,,,83729279901,96804974280,1.02901E+11,99818452126,1.03389E+11,1.13254E+11,1.20605E+11,1.33499E+11,1.43221E+11,1.7899E+11,2.01389E+11,2.27674E+11,2.72093E+11,3.02294E+11,2.79058E+11,3.12189E+11,3.39892E+11,3.65975E+11,3.91589E+11,4.57582E+11,4.56912E+11,
Lesotho,LSO,"International tourism, receipts (current US$)",ST.INT.RCPT.CD,,,,,,,,,,,,,,,,,,,,,,,,,,,,,,,,,,,,29000000,33700000,33720000,24700000,23100000,18000000,16000000,14000000,21000000,26000000,27000000,29000000,31000000,30000000,30000000,23000000,24000000,22000000,17000000,16000000,34000000,
Late-demographic dividend,LTE,"International tourism, receipts (current US$)",ST.INT.RCPT.CD,,,,,,,,,,,,,,,,,,,,,,,,,,,,,,,,,,,,61972538124,72223916495,74274694830,72402179919,72928435496,78823105433,84099861411,93580648122,96978590730,1.21149E+11,1.33177E+11,1.55676E+11,1.88539E+11,2.08475E+11,1.87754E+11,2.05373E+11,2.31896E+11,2.51307E+11,2.72755E+11,3.33223E+11,3.35258E+11,
Lithuania,LTU,"International tourism, receipts (current US$)",ST.INT.RCPT.CD,,,,,,,,,,,,,,,,,,,,,,,,,,,,,,,,,,,,102000000,345000000,399000000,504000000,591000000,430000000,425000000,556000000,700000000,834000000,920000000,1038000000,1154000000,1248000000,972000000,958000000,1321000000,1317000000,1374000000,1383000000,1310000000,
Luxembourg,LUX,"International tourism, receipts (current US$)",ST.INT.RCPT.CD,,,,,,,,,,,,,,,,,,,,,,,,,,,,,,,,,,,,1695000000,1640000000,1639000000,1634000000,1697000000,1686000000,1780000000,2497000000,3051000000,3824000000,3770000000,3819000000,4351000000,4918000000,4546000000,4519000000,5358000000,5476000000,5744000000,6153000000,4875000000,
Latvia,LVA,"International tourism, receipts (current US$)",ST.INT.RCPT.CD,,,,,,,,,,,,,,,,,,,,,,,,,,,,,,,,,,,,37000000,231000000,235000000,222000000,153000000,172000000,153000000,201000000,271000000,343000000,446000000,622000000,880000000,801000000,724000000,640000000,771000000,745000000,1190000000,1244000000,1133000000,
"Macao SAR, China",MAC,"International tourism, receipts (current US$)",ST.INT.RCPT.CD,,,,,,,,,,,,,,,,,,,,,,,,,,,,,,,,,,,,3233000000,3085000000,2876000000,2648000000,2598000000,3205000000,3745000000,4428000000,5225000000,7431000000,7181000000,8482000000,11198000000,13749000000,15182000000,22688000000,31118000000,36521000000,43665000000,43289000000,31997000000,
St. Martin (French part),MAF,"International tourism, receipts (current US$)",ST.INT.RCPT.CD,,,,,,,,,,,,,,,,,,,,,,,,,,,,,,,,,,,,,,,,,,,,,,,,,,,,,,,,,
Morocco,MAR,"International tourism, receipts (current US$)",ST.INT.RCPT.CD,,,,,,,,,,,,,,,,,,,,,,,,,,,,,,,,,,,,1469000000,1857000000,1649000000,1934000000,2177000000,2280000000,2966000000,3157000000,3802000000,4540000000,5426000000,6900000000,8307000000,8885000000,7980000000,8176000000,9101000000,8491000000,8201000000,8747000000,7765000000,
Monaco,MCO,"International tourism, receipts (current US$)",ST.INT.RCPT.CD,,,,,,,,,,,,,,,,,,,,,,,,,,,,,,,,,,,,,,,,,,,,,,,,,,,,,,,,,
Moldova,MDA,"International tourism, receipts (current US$)",ST.INT.RCPT.CD,,,,,,,,,,,,,,,,,,,,,,,,,,,,,,,,,,,,71000000,50000000,74000000,64000000,49000000,57000000,58000000,72000000,79000000,112000000,138000000,150000000,229000000,293000000,240000000,222000000,253000000,279000000,316000000,322000000,285000000,
Madagascar,MDG,"International tourism, receipts (current US$)",ST.INT.RCPT.CD,,,,,,,,,,,,,,,,,,,,,,,,,,,,,,,,,,,,106000000,102000000,110000000,136000000,137000000,152000000,149000000,109000000,119000000,239000000,190000000,248000000,290000000,357000000,262000000,319000000,479000000,563000000,578000000,,,
Maldives,MDV,"International tourism, receipts (current US$)",ST.INT.RCPT.CD,,,,,,,,,,,,,,,,,,,,,,,,,,,,,,,,,,,,211000000,266000000,286000000,303000000,314000000,321000000,327000000,337000000,402000000,471000000,826000000,1235000000,1515000000,1559000000,1473000000,1713000000,1966000000,2032000000,2422000000,2811000000,2664000000,
Middle East & North Africa,MEA,"International tourism, receipts (current US$)",ST.INT.RCPT.CD,,,,,,,,,,,,,,,,,,,,,,,,,,,,,,,,,,,,18819937963,20204476885,21083772057,21551195643,24451939870,24957365601,23899704488,28823961319,33853156601,42064046418,45413433008,51661117011,63256891879,71533753707,71662941967,83188856295,74194820301,81016015990,81226703344,88820179640,89699291615,
Mexico,MEX,"International tourism, receipts (current US$)",ST.INT.RCPT.CD,,,,,,,,,,,,,,,,,,,,,,,,,,,,,,,,,,,,6847000000,7531000000,8184000000,8307000000,8135000000,9133000000,9190000000,9547000000,10058000000,11609000000,12801000000,13329000000,14055000000,14726000000,12542000000,12628000000,12458000000,13320000000,14311000000,16606000000,18729000000,
Marshall Islands,MHL,"International tourism, receipts (current US$)",ST.INT.RCPT.CD,,,,,,,,,,,,,,,,,,,,,,,,,,,,,,,,,,,,2500000,3000000,3000000,3000000,2900000,3000000,3100000,3400000,4000000,5000000,3690000,3580000,3300000,2700000,3100000,3700000,4780000,4090000,4300000,5400000,,
Middle income,MIC,"International tourism, receipts (current US$)",ST.INT.RCPT.CD,,,,,,,,,,,,,,,,,,,,,,,,,,,,,,,,,,,,81519300842,94422432206,1.00652E+11,97523824553,1.009E+11,1.10877E+11,1.17878E+11,1.30665E+11,1.39969E+11,1.74943E+11,1.97158E+11,2.2264E+11,2.65685E+11,2.94599E+11,2.71948E+11,3.04512E+11,3.30426E+11,3.55852E+11,3.80405E+11,4.46175E+11,4.44885E+11,
"Macedonia, FYR",MKD,"International tourism, receipts (current US$)",ST.INT.RCPT.CD,,,,,,,,,,,,,,,,,,,,,,,,,,,,,,,,,,,,19000000,35000000,29000000,30000000,80000000,88000000,49000000,55000000,86000000,103000000,116000000,156000000,219000000,262000000,232000000,199000000,242000000,237000000,270000000,298000000,270000000,
Mali,MLI,"International tourism, receipts (current US$)",ST.INT.RCPT.CD,,,,,,,,,,,,,,,,,,,,,,,,,,,,,,,,,,,,26000000,27000000,25000000,28000000,36000000,47000000,91000000,105000000,136000000,142000000,149000000,175400000,227000000,286000000,196000000,208000000,218000000,144000000,178200000,214000000,,
Malta,MLT,"International tourism, receipts (current US$)",ST.INT.RCPT.CD,,,,,,,,,,,,,,,,,,,,,,,,,,,,,,,,,,,,813000000,780000000,789000000,818000000,841000000,731000000,704000000,757000000,869000000,949000000,924000000,966000000,1185000000,1082000000,899000000,1066000000,1276000000,1260000000,1402000000,1521000000,1367000000,
Myanmar,MMR,"International tourism, receipts (current US$)",ST.INT.RCPT.CD,,,,,,,,,,,,,,,,,,,,,,,,,,,,,,,,,,,,169000000,215000000,183000000,196000000,222000000,195000000,132000000,136000000,70000000,97000000,83000000,59000000,97000000,80000000,75000000,91000000,334000000,550000000,964000000,1687000000,2266000000,
Middle East & North Africa (excluding high income),MNA,"International tourism, receipts (current US$)",ST.INT.RCPT.CD,,,,,,,,,,,,,,,,,,,,,,,,,,,,,,,,,,,,9813083631,10794452250,11224880607,11432864071,12553926074,12957138825,13484880546,17754316086,21430247561,24908739933,27424100000,30514800000,36997800000,42386800000,42990000000,50589000000,39951453436,42727255845,39273772024,42353195891,38925578380,
Montenegro,MNE,"International tourism, receipts (current US$)",ST.INT.RCPT.CD,,,,,,,,,,,,,,,,,,,,,,,,,,,,,,,,,,,,,,,,,,,,,,,,660000000,859000000,792000000,765000000,926000000,860000000,929000000,959000000,947000000,
Mongolia,MNG,"International tourism, receipts (current US$)",ST.INT.RCPT.CD,,,,,,,,,,,,,,,,,,,,,,,,,,,,,,,,,,,,33000000,20000000,25000000,47000000,43000000,43000000,49000000,143000000,154000000,205000000,203000000,261000000,349000000,272000000,253000000,288000000,197000000,215000000,236000000,257000000,279000000,
Northern Mariana Islands,MNP,"International tourism, receipts (current US$)",ST.INT.RCPT.CD,,,,,,,,,,,,,,,,,,,,,,,,,,,,,,,,,,,,655000000,,,,,,,,,,,,,,,,,,,,,
Mozambique,MOZ,"International tourism, receipts (current US$)",ST.INT.RCPT.CD,,,,,,,,,,,,,,,,,,,,,,,,,,,,,,,,,,,,,49000000,61000000,61000000,61000000,74000000,64000000,65000000,106000000,96000000,138000000,145000000,182000000,213000000,217000000,135000000,171000000,224000000,228000000,225000000,202000000,
Mauritania,MRT,"International tourism, receipts (current US$)",ST.INT.RCPT.CD,,,,,,,,,,,,,,,,,,,,,,,,,,,,,,,,,,,,11000000,19000000,21000000,20000000,28000000,,,,,,,,,,,,,50000000,50000000,42000000,31000000,
Mauritius,MUS,"International tourism, receipts (current US$)",ST.INT.RCPT.CD,,,,,,,,,,,,,,,,,,,,,,,,,,,,,,,,,,,,616000000,705000000,666000000,672000000,718000000,732000000,820000000,829000000,960000000,1156000000,1189000000,1302000000,1663000000,1823000000,1390000000,1585000000,1808000000,1778000000,1593000000,1719000000,1679000000,
Malawi,MWI,"International tourism, receipts (current US$)",ST.INT.RCPT.CD,,,,,,,,,,,,,,,,,,,,,,,,,,,,,,,,,,,,22000000,31000000,32000000,25000000,42000000,29000000,40000000,45000000,66000000,75000000,48000000,45000000,43000000,43000000,46000000,45000000,36000000,35000000,33000000,36000000,39000000,
Malaysia,MYS,"International tourism, receipts (current US$)",ST.INT.RCPT.CD,,,,,,,,,,,,,,,,,,,,,,,,,,,,,,,,,,,,5044000000,5732000000,4925000000,3237000000,4403000000,5873000000,7627000000,8084000000,6799000000,9183000000,10389000000,12280000000,17948000000,18553000000,17231000000,18152000000,19649000000,20251000000,21500000000,22600000000,17614000000,
North America,NAC,"International tourism, receipts (current US$)",ST.INT.RCPT.CD,,,,,,,,,,,,,,,,,,,,,,,,,,,,,,,,,,,,1.03407E+11,1.12741E+11,1.17915E+11,1.16631E+11,1.23978E+11,1.34378E+11,1.22134E+11,1.17549E+11,1.14119E+11,1.3125E+11,1.38393E+11,1.4411E+11,1.62753E+11,1.83343E+11,1.61936E+11,1.86876E+11,2.08118E+11,2.22141E+11,2.39884E+11,2.56324E+11,2.62825E+11,
Namibia,NAM,"International tourism, receipts (current US$)",ST.INT.RCPT.CD,,,,,,,,,,,,,,,,,,,,,,,,,,,,,,,,,,,,278000000,293000000,333000000,288000000,287000000,193000000,264000000,251000000,383000000,426000000,363000000,473000000,542000000,484000000,511000000,560000000,645000000,598000000,524000000,522000000,472000000,
New Caledonia,NCL,"International tourism, receipts (current US$)",ST.INT.RCPT.CD,,,,,,,,,,,,,,,,,,,,,,,,,,,,,,,,,,,,108000000,114000000,117000000,110000000,112000000,111000000,94000000,156000000,196000000,241000000,149000000,122000000,142000000,152000000,141000000,129000000,166000000,165000000,168000000,184000000,,
Niger,NER,"International tourism, receipts (current US$)",ST.INT.RCPT.CD,,,,,,,,,,,,,,,,,,,,,,,,,,,,,,,,,,,,7000000,25600000,28600000,27000000,25100000,23100000,30100000,20200000,27500000,32300000,43900000,39000000,44000000,86000000,69000000,105500000,54000000,51000000,59000000,,,
Nigeria,NGA,"International tourism, receipts (current US$)",ST.INT.RCPT.CD,,,,,,,,,,,,,,,,,,,,,,,,,,,,,,,,,,,,47000000,58000000,83000000,81000000,99000000,186000000,168000000,256000000,58000000,49000000,139000000,209000000,337000000,959000000,791000000,736000000,688000000,639000000,616000000,601000000,470000000,
Nicaragua,NIC,"International tourism, receipts (current US$)",ST.INT.RCPT.CD,,,,,,,,,,,,,,,,,,,,,,,,,,,,,,,,,,,,51000000,55000000,82000000,103000000,128000000,129000000,135000000,135000000,160000000,192000000,206000000,231000000,255000000,301000000,334000000,313000000,390000000,421000000,417000000,445000000,529000000,
Netherlands,NLD,"International tourism, receipts (current US$)",ST.INT.RCPT.CD,,,,,,,,,,,,,,,,,,,,,,,,,,,,,,,,,,,,10611000000,11497000000,11750000000,11923000000,12451000000,11285000000,11147000000,11745000000,14603000000,16495000000,8770000000,9273000000,11313000000,12874000000,12063000000,11653000000,12897000000,12261000000,20910000000,18632000000,19320000000,
Norway,NOR,"International tourism, receipts (current US$)",ST.INT.RCPT.CD,,,,,,,,,,,,,,,,,,,,,,,,,,,,,,,,,,,,2730000000,2770000000,2570000000,2545000000,2750000000,2521000000,2380000000,2581000000,2989000000,3531000000,4243000000,4289000000,5322000000,5702000000,4949000000,5299000000,6565000000,6784000000,7175000000,7503000000,6385000000,
Nepal,NPL,"International tourism, receipts (current US$)",ST.INT.RCPT.CD,,,,,,,,,,,,,,,,,,,,,,,,,,,,,,,,,,,,232000000,237000000,201000000,248000000,229000000,219000000,191000000,134000000,232000000,260000000,160000000,157000000,234000000,353000000,439000000,378000000,415000000,379000000,460000000,511000000,509000000,
Nauru,NRU,"International tourism, receipts (current US$)",ST.INT.RCPT.CD,,,,,,,,,,,,,,,,,,,,,,,,,,,,,,,,,,,,,,,,,,,,,,,,,,,,,,,,,
New Zealand,NZL,"International tourism, receipts (current US$)",ST.INT.RCPT.CD,,,,,,,,,,,,,,,,,,,,,,,,,,,,,,,,,,,,2318000000,2553000000,2211000000,1857000000,2234000000,2272000000,2340000000,3159000000,4232000000,5098000000,6486000000,6148000000,7190000000,6961000000,5979000000,6523000000,7295000000,7142000000,7419000000,8402000000,9140000000,
OECD members,OED,"International tourism, receipts (current US$)",ST.INT.RCPT.CD,,,,,,,,,,,,,,,,,,,,,,,,,,,,,,,,,,,,3.69674E+11,3.93236E+11,3.92767E+11,4.02865E+11,4.19303E+11,4.28481E+11,4.13575E+11,4.2621E+11,4.7361E+11,5.51206E+11,5.73505E+11,6.0355E+11,6.86126E+11,7.49995E+11,6.64117E+11,6.96314E+11,7.77571E+11,7.85098E+11,8.48034E+11,8.98827E+11,8.51375E+11,
Oman,OMN,"International tourism, receipts (current US$)",ST.INT.RCPT.CD,,,,,,,,,,,,,,,,,,,,,,,,,,,,,,,,,,,,,193000000,192000000,338000000,350000000,377000000,538000000,539000000,546000000,601000000,627000000,749000000,905000000,1105000000,1092000000,1072000000,1515000000,1723000000,1888000000,1972000000,2247000000,
Other small states,OSS,"International tourism, receipts (current US$)",ST.INT.RCPT.CD,,,,,,,,,,,,,,,,,,,,,,,,,,,,,,,,,,,,,,,,,,,,,,,,,,,,,,,,,
Pakistan,PAK,"International tourism, receipts (current US$)",ST.INT.RCPT.CD,,,,,,,,,,,,,,,,,,,,,,,,,,,,,,,,,,,,582000000,590000000,618000000,556000000,492000000,551000000,533000000,562000000,620000000,765000000,828000000,919000000,912000000,986000000,950000000,998000000,1127000000,1014000000,938000000,971000000,906000000,
Panama,PAN,"International tourism, receipts (current US$)",ST.INT.RCPT.CD,,,,,,,,,,,,,,,,,,,,,,,,,,,,,,,,,,,,372000000,432000000,471000000,492000000,506000000,628000000,665000000,710000000,804000000,903000000,1108000000,1425000000,1806000000,2208000000,2280000000,2621000000,3630000000,4534000000,5379000000,5750000000,5947000000,
Peru,PER,"International tourism, receipts (current US$)",ST.INT.RCPT.CD,,,,,,,,,,,,,,,,,,,,,,,,,,,,,,,,,,,,521000000,773000000,911000000,947000000,911000000,861000000,763000000,836000000,1023000000,1232000000,1438000000,1775000000,2007000000,2396000000,2440000000,2475000000,2814000000,3074000000,3925000000,3907000000,4151000000,
Philippines,PHL,"International tourism, receipts (current US$)",ST.INT.RCPT.CD,,,,,,,,,,,,,,,,,,,,,,,,,,,,,,,,,,,,1141000000,1551000000,2347000000,1431000000,2652000000,2334000000,2011000000,2018000000,1821000000,2390000000,2863000000,4051000000,5523000000,3293000000,2916000000,3441000000,4053000000,4963000000,5599000000,6059000000,6418000000,
Palau,PLW,"International tourism, receipts (current US$)",ST.INT.RCPT.CD,,,,,,,,,,,,,,,,,,,,,,,,,,,,,,,,,,,,,,,58000000,54000000,45000000,41000000,40000000,41000000,49000000,63000000,60000000,68000000,78000000,76000000,76000000,94000000,109000000,117000000,131000000,156000000,
Papua New Guinea,PNG,"International tourism, receipts (current US$)",ST.INT.RCPT.CD,,,,,,,,,,,,,,,,,,,,,,,,,,,,,,,,,,,,25000000,14000000,8000000,15000000,6000000,7000000,5000000,3000000,4900000,7100000,9400000,3930000,4500000,3700000,2100000,2400000,5100000,2400000,3700000,2800000,1700000,
Poland,POL,"International tourism, receipts (current US$)",ST.INT.RCPT.CD,,,,,,,,,,,,,,,,,,,,,,,,,,,,,,,,,,,,6927000000,8764000000,9053000000,8321000000,6498000000,6128000000,5121000000,4971000000,4733000000,6499000000,7161000000,8154000000,11728000000,12895000000,9889000000,10037000000,11649000000,11888000000,12432000000,12924000000,11354000000,
Pre-demographic dividend,PRE,"International tourism, receipts (current US$)",ST.INT.RCPT.CD,,,,,,,,,,,,,,,,,,,,,,,,,,,,,,,,,,,,2674343880,2876723586,3024045592,3244766284,3391174499,2561275177,3154495166,3405827604,3700449369,4303323692,5435311177,6155463091,8576813181,9815686196,9832349699,10900582659,12242179005,13718549356,15670144960,16165164011,18157677679,
Puerto Rico,PRI,"International tourism, receipts (current US$)",ST.INT.RCPT.CD,,,,,,,,,,,,,,,,,,,,,,,,,,,,,,,,,,,,1828000000,1898000000,2046000000,2233000000,2139000000,2388000000,2728000000,2486000000,2677000000,3024000000,3239000000,3369000000,3414000000,3535000000,3176000000,3211000000,3143000000,3193000000,3311000000,3439000000,3825000000,
"Korea, Dem. People’s Rep.",PRK,"International tourism, receipts (current US$)",ST.INT.RCPT.CD,,,,,,,,,,,,,,,,,,,,,,,,,,,,,,,,,,,,,,,,,,,,,,,,,,,,,,,,,
Portugal,PRT,"International tourism, receipts (current US$)",ST.INT.RCPT.CD,,,,,,,,,,,,,,,,,,,,,,,,,,,,,,,,,,,,5646000000,5572000000,5415000000,6390000000,6046000000,6027000000,6236000000,6595000000,7634000000,8858000000,9042000000,10482000000,12948000000,14072000000,12344000000,12985000000,14901000000,14582000000,16210000000,17723000000,15819000000,
Paraguay,PRY,"International tourism, receipts (current US$)",ST.INT.RCPT.CD,,,,,,,,,,,,,,,,,,,,,,,,,,,,,,,,,,,,162000000,159000000,145000000,128000000,95000000,88000000,91000000,76000000,81000000,87000000,96000000,112000000,121000000,128000000,225000000,243000000,261000000,291000000,299000000,314000000,347000000,
West Bank and Gaza,PSE,"International tourism, receipts (current US$)",ST.INT.RCPT.CD,,,,,,,,,,,,,,,,,,,,,,,,,,,,,,,,,,,,255000000,242000000,239000000,346000000,377000000,283000000,37000000,38000000,152000000,115000000,52000000,25000000,99000000,146000000,193000000,409000000,615000000,469000000,524000000,413000000,452000000,
Pacific island small states,PSS,"International tourism, receipts (current US$)",ST.INT.RCPT.CD,,,,,,,,,,,,,,,,,,,,,,,,,,,,,,,,,,,,562113318.1,589207118.1,594245261.6,515394150,561407382.3,481938298.7,492889158.5,574295759.4,714557815.8,850087165.4,1020252243,1026082601,1124886527,1426574830,1189030536,1390625990,1576996054,1670251574,1699665177,1759247919,1771855597,
Post-demographic dividend,PST,"International tourism, receipts (current US$)",ST.INT.RCPT.CD,,,,,,,,,,,,,,,,,,,,,,,,,,,,,,,,,,,,3.67951E+11,3.90949E+11,3.85148E+11,3.92384E+11,4.12303E+11,4.20531E+11,4.05815E+11,4.19525E+11,4.67329E+11,5.46904E+11,5.65238E+11,5.99462E+11,6.82509E+11,7.47316E+11,6.6406E+11,7.14291E+11,8.08934E+11,8.24125E+11,8.93037E+11,9.36632E+11,8.7291E+11,
French Polynesia,PYF,"International tourism, receipts (current US$)",ST.INT.RCPT.CD,,,,,,,,,,,,,,,,,,,,,,,,,,,,,,,,,,,,326000000,322000000,345000000,354000000,394000000,,,471000000,651000000,737000000,759000000,463000000,537000000,522000000,440000000,405000000,457000000,435000000,458000000,510000000,,
Qatar,QAT,"International tourism, receipts (current US$)",ST.INT.RCPT.CD,,,,,,,,,,,,,,,,,,,,,,,,,,,,,,,,,,,,,,,,122000000,128000000,272000000,285000000,369000000,498000000,760000000,874000000,,,,,4463000000,7220000000,8452000000,10576000000,12131000000,
Romania,ROU,"International tourism, receipts (current US$)",ST.INT.RCPT.CD,,,,,,,,,,,,,,,,,,,,,,,,,,,,,,,,,,,,689000000,670000000,603000000,351000000,306000000,394000000,419000000,400000000,523000000,607000000,1324000000,1675000000,2073000000,2626000000,1688000000,1631000000,2016000000,1904000000,2048000000,2225000000,2097000000,
Russian Federation,RUS,"International tourism, receipts (current US$)",ST.INT.RCPT.CD,,,,,,,,,,,,,,,,,,,,,,,,,,,,,,,,,,,,4312000000,7102000000,7164000000,6508000000,3723000000,3429000000,4726000000,5278000000,5879000000,7262000000,7805000000,9720000000,12426000000,15821000000,12369000000,13239000000,16961000000,17876000000,20198000000,19451000000,13249000000,
Rwanda,RWA,"International tourism, receipts (current US$)",ST.INT.RCPT.CD,,,,,,,,,,,,,,,,,,,,,,,,,,,,,,,,,,,,4000000,6000000,19000000,20000000,21000000,27000000,29000000,31000000,30000000,44000000,67000000,148000000,177000000,224000000,223000000,224000000,298000000,337000000,351000000,304000000,407000000,
South Asia,SAS,"International tourism, receipts (current US$)",ST.INT.RCPT.CD,,,,,,,,,,,,,,,,,,,,,,,,,,,,,,,,,,,,4015567275,4257263507,4426751736,4497956850,4531052185,5151840433,4810858197,5008427316,6609038048,8725133690,10332764644,12108880939,14814675272,16316000000,14988000000,18960000000,22962000000,23896000000,25806000000,28693000000,29888400000,
Saudi Arabia,SAU,"International tourism, receipts (current US$)",ST.INT.RCPT.CD,,,,,,,,,,,,,,,,,,,,,,,,,,,,,,,,,,,,,,,,,,,,3418000000,6486000000,4626000000,4769000000,6907000000,6775000000,6744000000,7536000000,9317000000,8400000000,8690000000,9263000000,11183000000,
Sudan,SDN,"International tourism, receipts (current US$)",ST.INT.RCPT.CD,,,,,,,,,,,,,,,,,,,,,,,,,,,,,,,,,,,,8000000,8000000,4000000,2000000,2000000,5000000,3000000,108000000,17000000,21000000,114000000,194000000,390000000,255000000,231000000,82000000,179000000,772000000,773000000,967000000,949000000,
Senegal,SEN,"International tourism, receipts (current US$)",ST.INT.RCPT.CD,,,,,,,,,,,,,,,,,,,,,,,,,,,,,,,,,,,,168180300,164000000,171000000,181000000,183000000,152000000,175000000,210000000,269000000,286000000,334000000,329000000,622000000,637000000,474000000,464000000,524000000,469000000,495000000,481000000,,
Singapore,SGP,"International tourism, receipts (current US$)",ST.INT.RCPT.CD,,,,,,,,,,,,,,,,,,,,,,,,,,,,,,,,,,,,7611000000,7402000000,6326000000,4603000000,5089000000,5142000000,4641000000,4458000000,3842000000,5327000000,6209000000,7536000000,9066000000,10615000000,9225000000,14178000000,17930000000,18796000000,19209000000,19134000000,16743000000,
Solomon Islands,SLB,"International tourism, receipts (current US$)",ST.INT.RCPT.CD,,,,,,,,,,,,,,,,,,,,,,,,,,,,,,,,,,,,17100000,16000000,9700000,7100000,9700000,4000000,8800000,800000,1600000,3520000,6400000,30900000,33100000,31200000,39300000,50800000,65900000,65400000,70500000,64800000,60000000,
Sierra Leone,SLE,"International tourism, receipts (current US$)",ST.INT.RCPT.CD,,,,,,,,,,,,,,,,,,,,,,,,,,,,,,,,,,,,57000000,29000000,10000000,6000000,6000000,10000000,14000000,38000000,60000000,58000000,64000000,23000000,22000000,34000000,25000000,26000000,44000000,47000000,66000000,35000000,23000000,
El Salvador,SLV,"International tourism, receipts (current US$)",ST.INT.RCPT.CD,,,,,,,,,,,,,,,,,,,,,,,,,,,,,,,,,,,,152000000,155000000,149000000,206000000,408000000,437000000,452000000,521000000,664000000,748000000,656000000,686000000,793000000,711000000,549000000,646000000,729000000,900000000,1054000000,1285000000,1203000000,
San Marino,SMR,"International tourism, receipts (current US$)",ST.INT.RCPT.CD,,,,,,,,,,,,,,,,,,,,,,,,,,,,,,,,,,,,,,,,,,,,,,,,,,,,,,,,,
Somalia,SOM,"International tourism, receipts (current US$)",ST.INT.RCPT.CD,,,,,,,,,,,,,,,,,,,,,,,,,,,,,,,,,,,,,,,,,,,,,,,,,,,,,,,,,
Serbia,SRB,"International tourism, receipts (current US$)",ST.INT.RCPT.CD,,,,,,,,,,,,,,,,,,,,,,,,,,,,,,,,,,,,,,,,,,,77000000,159000000,220000000,308000000,416000000,1018000000,1114000000,986000000,950000000,1149000000,1080000000,1221000000,1352000000,1322000000,
Sub-Saharan Africa (excluding high income),SSA,"International tourism, receipts (current US$)",ST.INT.RCPT.CD,,,,,,,,,,,,,,,,,,,,,,,,,,,,,,,,,,,,7289246574,8148504376,8650190111,9097591513,9468598863,8452500410,9036328348,9961595118,14207054738,16550812760,19125552783,21354503370,25328622706,25089547148,23639605331,26722628481,30032136019,32291087205,32426699839,32913311160,30513230874,
South Sudan,SSD,"International tourism, receipts (current US$)",ST.INT.RCPT.CD,,,,,,,,,,,,,,,,,,,,,,,,,,,,,,,,,,,,,,,,,,,,,,,,,,,,,,,800000,,
Sub-Saharan Africa,SSF,"International tourism, receipts (current US$)",ST.INT.RCPT.CD,,,,,,,,,,,,,,,,,,,,,,,,,,,,,,,,,,,,7536136950,8348734476,8864722819,9307629026,9690754181,8700402234,9279728178,10233656726,14490217278,16831344676,19420137475,21708417135,25762625360,25536861557,24021887998,27107884780,30447903441,32760840653,32961850811,33442711689,31055916708,
Small states,SST,"International tourism, receipts (current US$)",ST.INT.RCPT.CD,,,,,,,,,,,,,,,,,,,,,,,,,,,,,,,,,,,,,,,,,,,,,,,,,,,,,,,,,
Sao Tome and Principe,STP,"International tourism, receipts (current US$)",ST.INT.RCPT.CD,,,,,,,,,,,,,,,,,,,,,,,,,,,,,,,,,,,,,,,4100000,9200000,9900000,6200000,6900000,7400000,7700000,7300000,6700000,5000000,7700000,8300000,11100000,15900000,15000000,30900000,56200000,62600000,
Suriname,SUR,"International tourism, receipts (current US$)",ST.INT.RCPT.CD,,,,,,,,,,,,,,,,,,,,,,,,,,,,,,,,,,,,52000000,44000000,38000000,36000000,45000000,42000000,26000000,17000000,18000000,52000000,96000000,109000000,73000000,83000000,70000000,69000000,69000000,79000000,92000000,103000000,99000000,
Slovak Republic,SVK,"International tourism, receipts (current US$)",ST.INT.RCPT.CD,,,,,,,,,,,,,,,,,,,,,,,,,,,,,,,,,,,,630000000,681000000,555000000,493000000,465000000,441000000,649000000,742000000,876000000,931000000,1282000000,1655000000,2352000000,3004000000,2539000000,2335000000,2514000000,2366000000,2633000000,2619000000,2411000000,
Slovenia,SVN,"International tourism, receipts (current US$)",ST.INT.RCPT.CD,,,,,,,,,,,,,,,,,,,,,,,,,,,,,,,,,,,,1128000000,1280000000,1225000000,1135000000,1011000000,1016000000,1059000000,1152000000,1427000000,1725000000,1894000000,2074000000,2465000000,2954000000,2735000000,2721000000,2953000000,2737000000,2900000000,2944000000,2697000000,
Sweden,SWE,"International tourism, receipts (current US$)",ST.INT.RCPT.CD,,,,,,,,,,,,,,,,,,,,,,,,,,,,,,,,,,,,4390000000,4534000000,4025000000,4997000000,4943000000,4825000000,5200000000,5671000000,6548000000,7686000000,7628000000,9714000000,11889000000,11732000000,9769000000,10674000000,10209000000,10104000000,10857000000,11846000000,11307000000,
Swaziland,SWZ,"International tourism, receipts (current US$)",ST.INT.RCPT.CD,,,,,,,,,,,,,,,,,,,,,,,,,,,,,,,,,,,,54000000,42000000,44000000,51000000,15000000,24000000,23000000,45000000,70040000,75100000,77300000,75100000,32200000,26300000,40100000,51400000,21300000,30300000,13300000,16100000,14400000,
Sint Maarten (Dutch part),SXM,"International tourism, receipts (current US$)",ST.INT.RCPT.CD,,,,,,,,,,,,,,,,,,,,,,,,,,,,,,,,,,,,349000000,322000000,379000000,430000000,443000000,511000000,484000000,489000000,538000000,626000000,659000000,651000000,665000000,667000000,619000000,681000000,729000000,854000000,871000000,922000000,951000000,
Seychelles,SYC,"International tourism, receipts (current US$)",ST.INT.RCPT.CD,,,,,,,,,,,,,,,,,,,,,,,,,,,,,,,,,,,,224000000,182000000,195000000,191000000,202000000,225000000,221000000,247000000,258000000,256000000,269000000,323000000,396000000,408000000,349000000,352000000,380000000,429000000,484000000,480000000,483000000,
Syrian Arab Republic,SYR,"International tourism, receipts (current US$)",ST.INT.RCPT.CD,,,,,,,,,,,,,,,,,,,,,,,,,,,,,,,,,,,,1258000000,1165000000,1013000000,1017000000,1031000000,1082000000,1150000000,970000000,877000000,1883000000,2035000000,2113000000,2972000000,3176000000,3781000000,6308000000,1816000000,,,,,
Turks and Caicos Islands,TCA,"International tourism, receipts (current US$)",ST.INT.RCPT.CD,,,,,,,,,,,,,,,,,,,,,,,,,,,,,,,,,,,,53000000,99000000,113000000,157000000,238000000,285000000,311000000,292000000,,,,,,,,,,,,,,
Chad,TCD,"International tourism, receipts (current US$)",ST.INT.RCPT.CD,,,,,,,,,,,,,,,,,,,,,,,,,,,,,,,,,,,,43000000,22000000,22000000,15000000,15000000,14000000,23000000,25000000,,,,,,,,,,,,,,
East Asia & Pacific (IDA & IBRD countries),TEA,"International tourism, receipts (current US$)",ST.INT.RCPT.CD,,,,,,,,,,,,,,,,,,,,,,,,,,,,,,,,,,,,31280901812,36180339981,37748212214,32107885940,38179716489,42963329980,45950727007,51100767261,45112535630,61273141825,64442768235,77276509271,93862963505,1.00626E+11,91997256280,1.07114E+11,1.2263E+11,1.34893E+11,1.48482E+11,2.02672E+11,2.14543E+11,
Europe & Central Asia (IDA & IBRD countries),TEC,"International tourism, receipts (current US$)",ST.INT.RCPT.CD,,,,,,,,,,,,,,,,,,,,,,,,,,,,,,,,,,,,20143505046,26567237460,29175243275,28844238420,21914785955,24546313942,28350355368,31810799377,37418212903,47210390882,56119997644,60342285864,75441585538,90929751364,77645944368,77705916636,92271296253,95934850635,1.06093E+11,1.0606E+11,91356669560,
Togo,TGO,"International tourism, receipts (current US$)",ST.INT.RCPT.CD,,,,,,,,,,,,,,,,,,,,,,,,,,,,,,,,,,,,13000000,10000000,12000000,15000000,10000000,11000000,14000000,16000000,26000000,25000000,27000000,23000000,38000000,44000000,73000000,105000000,209000000,206000000,233000000,233000000,212000000,
Thailand,THA,"International tourism, receipts (current US$)",ST.INT.RCPT.CD,,,,,,,,,,,,,,,,,,,,,,,,,,,,,,,,,,,,9257000000,10367000000,9052000000,7954000000,9416000000,9935000000,9378000000,10388000000,10456000000,13054000000,12103000000,16624000000,20625000000,22510000000,19811000000,23796000000,30924000000,37766000000,45738000000,42047000000,48527000000,
Tajikistan,TJK,"International tourism, receipts (current US$)",ST.INT.RCPT.CD,,,,,,,,,,,,,,,,,,,,,,,,,,,,,,,,,,,,,,,,,,,5000000,6200000,9600000,9100000,11200000,16500000,23700000,19500000,32000000,40000000,60000000,49000000,220000000,146000000,
Turkmenistan,TKM,"International tourism, receipts (current US$)",ST.INT.RCPT.CD,,,,,,,,,,,,,,,,,,,,,,,,,,,,,,,,,,,,,13000000,46000000,,,,,,,,,,,,,,,,,,,
Latin America & the Caribbean (IDA & IBRD countries),TLA,"International tourism, receipts (current US$)",ST.INT.RCPT.CD,,,,,,,,,,,,,,,,,,,,,,,,,,,,,,,,,,,,20970000000,23236000000,24957000000,26161000000,26761000000,29040000000,28429000000,27552000000,30541000000,35090000000,39938000000,44062700000,49298600000,53952800000,49755100000,52404700000,57402500000,61244201696,65142645919,70076514823,72887343377,
Timor-Leste,TLS,"International tourism, receipts (current US$)",ST.INT.RCPT.CD,,,,,,,,,,,,,,,,,,,,,,,,,,,,,,,,,,,,,,,,,,,,,,,20300000,26000000,14000000,16000000,24000000,18000000,21000000,29000000,35000000,51000000,
Middle East & North Africa (IDA & IBRD countries),TMN,"International tourism, receipts (current US$)",ST.INT.RCPT.CD,,,,,,,,,,,,,,,,,,,,,,,,,,,,,,,,,,,,9557067278,10551498787,10984943182,11085470948,12175408857,12673026321,13447823241,17716286425,21277485630,24793276273,27372100000,30489800000,36898800000,42240800000,42797000000,50180000000,39335460828,42267034363,38752996948,41951603237,38472547893,
Tonga,TON,"International tourism, receipts (current US$)",ST.INT.RCPT.CD,,,,,,,,,,,,,,,,,,,,,,,,,,,,,,,,,,,,10000000,13000000,16000000,8000000,9000000,7000000,6800000,5900000,10300000,13100000,15000000,15700000,15200000,19400000,16900000,28000000,31700000,45800000,48100000,,,
South Asia (IDA & IBRD),TSA,"International tourism, receipts (current US$)",ST.INT.RCPT.CD,,,,,,,,,,,,,,,,,,,,,,,,,,,,,,,,,,,,4015567275,4257263507,4426751736,4497956850,4531052185,5151840433,4810858197,5008427316,6609038048,8725133690,10332764644,12108880939,14814675272,16316000000,14988000000,18960000000,22962000000,23896000000,25806000000,28693000000,29888400000,
Sub-Saharan Africa (IDA & IBRD countries),TSS,"International tourism, receipts (current US$)",ST.INT.RCPT.CD,,,,,,,,,,,,,,,,,,,,,,,,,,,,,,,,,,,,7536136950,8348734476,8864722819,9307629026,9690754181,8700402234,9279728178,10233656726,14490217278,16831344676,19420137475,21708417135,25762625360,25536861557,24021887998,27107884780,30447903441,32760840653,32961850811,33442711689,31055916708,
Trinidad and Tobago,TTO,"International tourism, receipts (current US$)",ST.INT.RCPT.CD,,,,,,,,,,,,,,,,,,,,,,,,,,,,,,,,,,,,232000000,262000000,344000000,356000000,365000000,371000000,361000000,402000000,437000000,568000000,593000000,517000000,621000000,557000000,548000000,630000000,650000000,,,,,
Tunisia,TUN,"International tourism, receipts (current US$)",ST.INT.RCPT.CD,,,,,,,,,,,,,,,,,,,,,,,,,,,,,,,,,,,,1838000000,1895000000,1858000000,1980000000,2118000000,1977000000,2061000000,1831000000,1935000000,2432000000,2800000000,2999000000,3373000000,3909000000,3524000000,3477000000,2529000000,2931000000,2863000000,3042000000,1869000000,
Turkey,TUR,"International tourism, receipts (current US$)",ST.INT.RCPT.CD,,,,,,,,,,,,,,,,,,,,,,,,,,,,,,,,,,,,4957000000,5650000000,7002000000,7177000000,5203000000,7636000000,10067000000,11901000000,13203000000,15888000000,20760000000,19137000000,21662000000,26446000000,26331000000,26318000000,30302000000,31566000000,36192000000,38766000000,35413000000,
Tuvalu,TUV,"International tourism, receipts (current US$)",ST.INT.RCPT.CD,,,,,,,,,,,,,,,,,,,,,,,,,,,,,,,,,,,,,,,,,,,,,,1200000,1200000,1500000,1900000,1500000,2400000,2400000,2700000,2400000,,,
Tanzania,TZA,"International tourism, receipts (current US$)",ST.INT.RCPT.CD,,,,,,,,,,,,,,,,,,,,,,,,,,,,,,,,,,,,502000000,473000000,343000000,404000000,467000000,381000000,626000000,639000000,654000000,762000000,835000000,986000000,1215000000,1293000000,1192000000,1279000000,1383000000,1754000000,1939000000,2047000000,2253000000,
Uganda,UGA,"International tourism, receipts (current US$)",ST.INT.RCPT.CD,,,,,,,,,,,,,,,,,,,,,,,,,,,,,,,,,,,,78000000,117000000,135000000,144000000,151000000,165000000,187000000,194000000,185000000,268000000,382000000,347000000,402000000,536000000,683000000,802000000,977000000,1157000000,1355000000,810000000,1171000000,
Ukraine,UKR,"International tourism, receipts (current US$)",ST.INT.RCPT.CD,,,,,,,,,,,,,,,,,,,,,,,,,,,,,,,,,,,,191000000,448000000,477000000,539000000,503000000,563000000,759000000,1001000000,1204000000,2931000000,3542000000,4018000000,5320000000,6722000000,4349000000,4696000000,5406000000,5988000000,5931000000,2264000000,1656000000,
Upper middle income,UMC,"International tourism, receipts (current US$)",ST.INT.RCPT.CD,,,,,,,,,,,,,,,,,,,,,,,,,,,,,,,,,,,,60279845854,69990336858,74032520398,74122310958,73935714174,82914710985,89674773678,1.00965E+11,1.08276E+11,1.33025E+11,1.48366E+11,1.66418E+11,1.95376E+11,2.16616E+11,2.02871E+11,2.21855E+11,2.46937E+11,2.64625E+11,2.88967E+11,3.49655E+11,3.50828E+11,
Uruguay,URY,"International tourism, receipts (current US$)",ST.INT.RCPT.CD,,,,,,,,,,,,,,,,,,,,,,,,,,,,,,,,,,,,725000000,890000000,862000000,695000000,653000000,827000000,700000000,409000000,419000000,591000000,699000000,711000000,928000000,1195000000,1460000000,1669000000,2401000000,2219000000,2015000000,1869000000,1880000000,
United States,USA,"International tourism, receipts (current US$)",ST.INT.RCPT.CD,,,,,,,,,,,,,,,,,,,,,,,,,,,,,,,,,,,,93743000000,1.02196E+11,1.07047E+11,1.05095E+11,1.11475E+11,1.20912E+11,1.09103E+11,1.04427E+11,1.01535E+11,1.15689E+11,1.22077E+11,1.26778E+11,1.44223E+11,1.64721E+11,1.46002E+11,1.67996E+11,1.87629E+11,2.00997E+11,2.18496E+11,2.35396E+11,2.46229E+11,
Uzbekistan,UZB,"International tourism, receipts (current US$)",ST.INT.RCPT.CD,,,,,,,,,,,,,,,,,,,,,,,,,,,,,,,,,,,,,15000000,198000000,167000000,102000000,63000000,72000000,68000000,48000000,57000000,28000000,43000000,51000000,64000000,99000000,121000000,,,,,,
St. Vincent and the Grenadines,VCT,"International tourism, receipts (current US$)",ST.INT.RCPT.CD,,,,,,,,,,,,,,,,,,,,,,,,,,,,,,,,,,,,53000000,64000000,71000000,73000000,85000000,82000000,89000000,91000000,91000000,96000000,104000000,113000000,110000000,96000000,88000000,86000000,92000000,94000000,92000000,93000000,96000000,
"Venezuela, RB",VEN,"International tourism, receipts (current US$)",ST.INT.RCPT.CD,,,,,,,,,,,,,,,,,,,,,,,,,,,,,,,,,,,,995000000,1026000000,623000000,769000000,643000000,469000000,677000000,484000000,378000000,554000000,722000000,843000000,972000000,1097000000,1053000000,885000000,806000000,904000000,926000000,707000000,654000000,
British Virgin Islands,VGB,"International tourism, receipts (current US$)",ST.INT.RCPT.CD,,,,,,,,,,,,,,,,,,,,,,,,,,,,,,,,,,,,211000000,227000000,220000000,255000000,339000000,345000000,401000000,345000000,342000000,393000000,412000000,438000000,451000000,446000000,374000000,389000000,388000000,398000000,421000000,459000000,484000000,
Virgin Islands (U.S.),VIR,"International tourism, receipts (current US$)",ST.INT.RCPT.CD,,,,,,,,,,,,,,,,,,,,,,,,,,,,,,,,,,,,822000000,781000000,894000000,941000000,955000000,1206000000,1234000000,1195000000,1257000000,1356000000,1432000000,1468000000,1513000000,1157000000,1021000000,1223000000,1122000000,1210000000,1168000000,1319000000,1324000000,
Vietnam,VNM,"International tourism, receipts (current US$)",ST.INT.RCPT.CD,,,,,,,,,,,,,,,,,,,,,,,,,,,,,,,,,,,,,,,,,,,,1400000000,1700000000,2300000000,2850000000,3750000000,3930000000,3050000000,4450000000,5710000000,6850000000,7250000000,7410000000,7350000000,
Vanuatu,VUT,"International tourism, receipts (current US$)",ST.INT.RCPT.CD,,,,,,,,,,,,,,,,,,,,,,,,,,,,,,,,,,,,45000000,56000000,53000000,72000000,59000000,69000000,58000000,72000000,83000000,93000000,104000000,109000000,142000000,188000000,214000000,242000000,249000000,268000000,314000000,284000000,254000000,
World,WLD,"International tourism, receipts (current US$)",ST.INT.RCPT.CD,,,,,,,,,,,,,,,,,,,,,,,,,,,,,,,,,,,,4.86753E+11,5.2596E+11,5.27127E+11,5.30316E+11,5.54012E+11,5.72778E+11,5.63885E+11,5.90416E+11,6.48348E+11,7.71938E+11,8.15846E+11,8.81868E+11,1.02018E+12,1.11978E+12,1.00868E+12,1.09873E+12,1.22976E+12,1.27598E+12,1.37737E+12,1.50003E+12,1.43698E+12,
Samoa,WSM,"International tourism, receipts (current US$)",ST.INT.RCPT.CD,,,,,,,,,,,,,,,,,,,,,,,,,,,,,,,,,,,,35699440,40398020,38511840,39600470,42500000,41000000,39000000,45000000,54000000,70000000,73800000,88400000,102400000,111600000,115200000,123700000,134900000,148200000,137200000,146700000,165400000,
Kosovo,XKX,"International tourism, receipts (current US$)",ST.INT.RCPT.CD,,,,,,,,,,,,,,,,,,,,,,,,,,,,,,,,,,,,,,,,,,,,,,,,,,,,,,,,,
"Yemen, Rep.",YEM,"International tourism, receipts (current US$)",ST.INT.RCPT.CD,,,,,,,,,,,,,,,,,,,,,,,,,,,,,,,,,,,,50000000,55000000,70000000,84000000,61000000,73000000,38000000,38000000,139000000,139000000,181000000,181000000,425000000,886000000,899000000,1291000000,910000000,1005000000,1097000000,1199000000,116000000,
South Africa,ZAF,"International tourism, receipts (current US$)",ST.INT.RCPT.CD,,,,,,,,,,,,,,,,,,,,,,,,,,,,,,,,,,,,2654000000,3137000000,3422000000,3419000000,3407000000,3338000000,3256000000,3695000000,6674000000,7571000000,8629000000,9211000000,10226000000,9178000000,8684000000,10309000000,10706000000,11202000000,10468000000,10484000000,9140000000,
Zambia,ZMB,"International tourism, receipts (current US$)",ST.INT.RCPT.CD,,,,,,,,,,,,,,,,,,,,,,,,,,,,,,,,,,,,,,29000000,40000000,53000000,67000000,80000000,64000000,88000000,92000000,447000000,506000000,599000000,542000000,474000000,492000000,555000000,518000000,552000000,642000000,660000000,
Zimbabwe,ZWE,"International tourism, receipts (current US$)",ST.INT.RCPT.CD,,,,,,,,,,,,,,,,,,,,,,,,,,,,,,,,,,,,145000000,232000000,205000000,158000000,202000000,125000000,81000000,76000000,61000000,194000000,99000000,338000000,365000000,294000000,129000000,135000000,164000000,174000000,183000000,186000000,191000000,
